collection_name	id	_id
omics_processing_set	emsl:511448	649b009773e8249959349d49
omics_processing_set	emsl:512118	649b009773e8249959349d84
omics_processing_set	emsl:511451	649b009773e8249959349d4c
omics_processing_set	emsl:512109	649b009773e8249959349d7b
omics_processing_set	emsl:511450	649b009773e8249959349d56
omics_processing_set	emsl:511905	649b009773e8249959349d67
omics_processing_set	emsl:511449	649b009773e8249959349d4d
omics_processing_set	emsl:512116	649b009773e8249959349d82
omics_processing_set	emsl:511455	649b009773e8249959349d55
omics_processing_set	emsl:511976	649b009773e8249959349d72
omics_processing_set	emsl:511457	649b009773e8249959349d51
omics_processing_set	emsl:512106	649b009773e8249959349d77
omics_processing_set	emsl:511453	649b009773e8249959349d4e
omics_processing_set	emsl:512110	649b009773e8249959349d7c
omics_processing_set	emsl:511463	649b009773e8249959349d59
omics_processing_set	emsl:511981	649b009773e8249959349d73
omics_processing_set	emsl:511472	649b009773e8249959349d66
omics_processing_set	emsl:512108	649b009773e8249959349d78
omics_processing_set	emsl:511403	649b009773e8249959349d48
omics_processing_set	emsl:511903	649b009773e8249959349d65
omics_processing_set	emsl:511462	649b009773e8249959349d5a
omics_processing_set	emsl:511983	649b009773e8249959349d75
omics_processing_set	emsl:511454	649b009773e8249959349d50
omics_processing_set	emsl:512113	649b009773e8249959349d80
omics_processing_set	emsl:511464	649b009773e8249959349d5b
omics_processing_set	emsl:512117	649b009773e8249959349d83
omics_processing_set	emsl:511467	649b009773e8249959349d5f
omics_processing_set	emsl:512115	649b009773e8249959349d81
omics_processing_set	emsl:511404	649b009773e8249959349d4b
omics_processing_set	emsl:511906	649b009773e8249959349d68
omics_processing_set	emsl:511469	649b009773e8249959349d62
omics_processing_set	emsl:512112	649b009773e8249959349d7f
omics_processing_set	emsl:511452	649b009773e8249959349d4f
omics_processing_set	emsl:511979	649b009773e8249959349d71
omics_processing_set	emsl:511460	649b009773e8249959349d57
omics_processing_set	emsl:511975	649b009773e8249959349d6e
omics_processing_set	emsl:511465	649b009773e8249959349d5d
omics_processing_set	emsl:512104	649b009773e8249959349d74
omics_processing_set	emsl:511459	649b009773e8249959349d54
omics_processing_set	emsl:511978	649b009773e8249959349d70
omics_processing_set	emsl:511406	649b009773e8249959349d45
omics_processing_set	emsl:511907	649b009773e8249959349d6a
omics_processing_set	emsl:511405	649b009773e8249959349d46
omics_processing_set	emsl:511904	649b009773e8249959349d64
omics_processing_set	emsl:511471	649b009773e8249959349d69
omics_processing_set	emsl:512111	649b009773e8249959349d7d
omics_processing_set	emsl:511397	649b009773e8249959349d3f
omics_processing_set	emsl:511901	649b009773e8249959349d61
omics_processing_set	emsl:511470	649b009773e8249959349d60
omics_processing_set	emsl:511977	649b009773e8249959349d6d
omics_processing_set	emsl:511400	649b009773e8249959349d47
omics_processing_set	emsl:511902	649b009773e8249959349d63
omics_processing_set	emsl:511458	649b009773e8249959349d53
omics_processing_set	emsl:512107	649b009773e8249959349d7e
omics_processing_set	emsl:511456	649b009773e8249959349d52
omics_processing_set	emsl:512105	649b009773e8249959349d76
omics_processing_set	emsl:511468	649b009773e8249959349d5e
omics_processing_set	emsl:511982	649b009773e8249959349d7a
omics_processing_set	emsl:511447	649b009773e8249959349d4a
omics_processing_set	emsl:511974	649b009773e8249959349d6c
omics_processing_set	emsl:511402	649b009773e8249959349d43
omics_processing_set	emsl:511908	649b009773e8249959349d6b
omics_processing_set	emsl:511461	649b009773e8249959349d58
omics_processing_set	emsl:511980	649b009773e8249959349d79
omics_processing_set	emsl:511466	649b009773e8249959349d5c
omics_processing_set	emsl:512114	649b009773e8249959349d89
omics_processing_set	emsl:511401	649b009773e8249959349d41
omics_processing_set	emsl:511909	649b009773e8249959349d6f
data_object_set	emsl:output_511448	649b003c1ae706d7b5b1468f
data_object_set	emsl:output_512118	649b003c1ae706d7b5b146cf
data_object_set	emsl:output_511451	649b003c1ae706d7b5b1468d
data_object_set	emsl:output_512109	649b003c1ae706d7b5b146c6
data_object_set	emsl:output_511450	649b003c1ae706d7b5b14690
data_object_set	emsl:output_511905	649b003c1ae706d7b5b146b2
data_object_set	emsl:output_511449	649b003c1ae706d7b5b1469c
data_object_set	emsl:output_512116	649b003c1ae706d7b5b146df
data_object_set	emsl:output_511455	649b003c1ae706d7b5b14692
data_object_set	emsl:output_511976	649b003c1ae706d7b5b146c3
data_object_set	emsl:output_511457	649b003c1ae706d7b5b14697
data_object_set	emsl:output_512106	649b003c1ae706d7b5b146c7
data_object_set	emsl:output_511453	649b003c1ae706d7b5b14691
data_object_set	emsl:output_512110	649b003c1ae706d7b5b146c8
data_object_set	emsl:output_511463	649b003c1ae706d7b5b146a3
data_object_set	emsl:output_511981	649b003c1ae706d7b5b146c0
data_object_set	emsl:output_511472	649b003c1ae706d7b5b146aa
data_object_set	emsl:output_512108	649b003c1ae706d7b5b146c5
data_object_set	emsl:output_511403	649b003c1ae706d7b5b14688
data_object_set	emsl:output_511903	649b003c1ae706d7b5b146ae
data_object_set	emsl:output_511462	649b003c1ae706d7b5b146a2
data_object_set	emsl:output_511983	649b003c1ae706d7b5b146c1
data_object_set	emsl:output_511454	649b003c1ae706d7b5b14694
data_object_set	emsl:output_512113	649b003c1ae706d7b5b146c9
data_object_set	emsl:output_511464	649b003c1ae706d7b5b146a0
data_object_set	emsl:output_512117	649b003c1ae706d7b5b146e1
data_object_set	emsl:output_511467	649b003c1ae706d7b5b146a4
data_object_set	emsl:output_512115	649b003c1ae706d7b5b146cb
data_object_set	emsl:output_511404	649b003c1ae706d7b5b1469d
data_object_set	emsl:output_511906	649b003c1ae706d7b5b146b5
data_object_set	emsl:output_511469	649b003c1ae706d7b5b146a8
data_object_set	emsl:output_512112	649b003c1ae706d7b5b146d7
data_object_set	emsl:output_511452	649b003c1ae706d7b5b14695
data_object_set	emsl:output_511979	649b003c1ae706d7b5b146bb
data_object_set	emsl:output_511460	649b003c1ae706d7b5b1469a
data_object_set	emsl:output_511975	649b003c1ae706d7b5b146b9
data_object_set	emsl:output_511465	649b003c1ae706d7b5b1469e
data_object_set	emsl:output_512104	649b003c1ae706d7b5b146c2
data_object_set	emsl:output_511459	649b003c1ae706d7b5b14698
data_object_set	emsl:output_511978	649b003c1ae706d7b5b146bd
data_object_set	emsl:output_511406	649b003c1ae706d7b5b1468a
data_object_set	emsl:output_511907	649b003c1ae706d7b5b146b6
data_object_set	emsl:output_511405	649b003c1ae706d7b5b1469b
data_object_set	emsl:output_511904	649b003c1ae706d7b5b146be
data_object_set	emsl:output_511471	649b003c1ae706d7b5b146a5
data_object_set	emsl:output_512111	649b003c1ae706d7b5b146ca
data_object_set	emsl:output_511397	649b003c1ae706d7b5b14686
data_object_set	emsl:output_511901	649b003c1ae706d7b5b146ad
data_object_set	emsl:output_511470	649b003c1ae706d7b5b146a7
data_object_set	emsl:output_511977	649b003c1ae706d7b5b146ba
data_object_set	emsl:output_511400	649b003c1ae706d7b5b14685
data_object_set	emsl:output_511902	649b003c1ae706d7b5b146ac
data_object_set	emsl:output_511458	649b003c1ae706d7b5b1469f
data_object_set	emsl:output_512107	649b003c1ae706d7b5b146ce
data_object_set	emsl:output_511456	649b003c1ae706d7b5b14696
data_object_set	emsl:output_512105	649b003c1ae706d7b5b146c4
data_object_set	emsl:output_511468	649b003c1ae706d7b5b146a6
data_object_set	emsl:output_511982	649b003c1ae706d7b5b146bf
data_object_set	emsl:output_511447	649b003c1ae706d7b5b1468c
data_object_set	emsl:output_511974	649b003c1ae706d7b5b146b7
data_object_set	emsl:output_511402	649b003c1ae706d7b5b14687
data_object_set	emsl:output_511908	649b003c1ae706d7b5b146b3
data_object_set	emsl:output_511461	649b003c1ae706d7b5b14699
data_object_set	emsl:output_511980	649b003c1ae706d7b5b146bc
data_object_set	emsl:output_511466	649b003c1ae706d7b5b146a1
data_object_set	emsl:output_512114	649b003c1ae706d7b5b146d1
data_object_set	emsl:output_511401	649b003c1ae706d7b5b1468b
data_object_set	emsl:output_511909	649b003c1ae706d7b5b146b8
omics_processing_set	emsl:511448	649b009773e8249959349d49
omics_processing_set	emsl:512118	649b009773e8249959349d84
omics_processing_set	emsl:511451	649b009773e8249959349d4c
omics_processing_set	emsl:512109	649b009773e8249959349d7b
omics_processing_set	emsl:511450	649b009773e8249959349d56
omics_processing_set	emsl:511905	649b009773e8249959349d67
omics_processing_set	emsl:511449	649b009773e8249959349d4d
omics_processing_set	emsl:512116	649b009773e8249959349d82
omics_processing_set	emsl:511455	649b009773e8249959349d55
omics_processing_set	emsl:511976	649b009773e8249959349d72
omics_processing_set	emsl:511457	649b009773e8249959349d51
omics_processing_set	emsl:512106	649b009773e8249959349d77
omics_processing_set	emsl:511453	649b009773e8249959349d4e
omics_processing_set	emsl:512110	649b009773e8249959349d7c
omics_processing_set	emsl:511463	649b009773e8249959349d59
omics_processing_set	emsl:511981	649b009773e8249959349d73
omics_processing_set	emsl:511472	649b009773e8249959349d66
omics_processing_set	emsl:512108	649b009773e8249959349d78
omics_processing_set	emsl:511403	649b009773e8249959349d48
omics_processing_set	emsl:511903	649b009773e8249959349d65
omics_processing_set	emsl:511462	649b009773e8249959349d5a
omics_processing_set	emsl:511983	649b009773e8249959349d75
omics_processing_set	emsl:511454	649b009773e8249959349d50
omics_processing_set	emsl:512113	649b009773e8249959349d80
omics_processing_set	emsl:511464	649b009773e8249959349d5b
omics_processing_set	emsl:512117	649b009773e8249959349d83
omics_processing_set	emsl:511467	649b009773e8249959349d5f
omics_processing_set	emsl:512115	649b009773e8249959349d81
omics_processing_set	emsl:511404	649b009773e8249959349d4b
omics_processing_set	emsl:511906	649b009773e8249959349d68
omics_processing_set	emsl:511469	649b009773e8249959349d62
omics_processing_set	emsl:512112	649b009773e8249959349d7f
omics_processing_set	emsl:511452	649b009773e8249959349d4f
omics_processing_set	emsl:511979	649b009773e8249959349d71
omics_processing_set	emsl:511460	649b009773e8249959349d57
omics_processing_set	emsl:511975	649b009773e8249959349d6e
omics_processing_set	emsl:511465	649b009773e8249959349d5d
omics_processing_set	emsl:512104	649b009773e8249959349d74
omics_processing_set	emsl:511459	649b009773e8249959349d54
omics_processing_set	emsl:511978	649b009773e8249959349d70
omics_processing_set	emsl:511406	649b009773e8249959349d45
omics_processing_set	emsl:511907	649b009773e8249959349d6a
omics_processing_set	emsl:511405	649b009773e8249959349d46
omics_processing_set	emsl:511904	649b009773e8249959349d64
omics_processing_set	emsl:511471	649b009773e8249959349d69
omics_processing_set	emsl:512111	649b009773e8249959349d7d
omics_processing_set	emsl:511397	649b009773e8249959349d3f
omics_processing_set	emsl:511901	649b009773e8249959349d61
omics_processing_set	emsl:511470	649b009773e8249959349d60
omics_processing_set	emsl:511977	649b009773e8249959349d6d
omics_processing_set	emsl:511400	649b009773e8249959349d47
omics_processing_set	emsl:511902	649b009773e8249959349d63
omics_processing_set	emsl:511458	649b009773e8249959349d53
omics_processing_set	emsl:512107	649b009773e8249959349d7e
omics_processing_set	emsl:511456	649b009773e8249959349d52
omics_processing_set	emsl:512105	649b009773e8249959349d76
omics_processing_set	emsl:511468	649b009773e8249959349d5e
omics_processing_set	emsl:511982	649b009773e8249959349d7a
omics_processing_set	emsl:511447	649b009773e8249959349d4a
omics_processing_set	emsl:511974	649b009773e8249959349d6c
omics_processing_set	emsl:511402	649b009773e8249959349d43
omics_processing_set	emsl:511908	649b009773e8249959349d6b
omics_processing_set	emsl:511461	649b009773e8249959349d58
omics_processing_set	emsl:511980	649b009773e8249959349d79
omics_processing_set	emsl:511466	649b009773e8249959349d5c
omics_processing_set	emsl:512114	649b009773e8249959349d89
omics_processing_set	emsl:511401	649b009773e8249959349d41
omics_processing_set	emsl:511909	649b009773e8249959349d6f
data_object_set	emsl:output_511448	649b003c1ae706d7b5b1468f
data_object_set	emsl:output_512118	649b003c1ae706d7b5b146cf
data_object_set	emsl:output_511451	649b003c1ae706d7b5b1468d
data_object_set	emsl:output_512109	649b003c1ae706d7b5b146c6
data_object_set	emsl:output_511450	649b003c1ae706d7b5b14690
data_object_set	emsl:output_511905	649b003c1ae706d7b5b146b2
data_object_set	emsl:output_511449	649b003c1ae706d7b5b1469c
data_object_set	emsl:output_512116	649b003c1ae706d7b5b146df
data_object_set	emsl:output_511455	649b003c1ae706d7b5b14692
data_object_set	emsl:output_511976	649b003c1ae706d7b5b146c3
data_object_set	emsl:output_511457	649b003c1ae706d7b5b14697
data_object_set	emsl:output_512106	649b003c1ae706d7b5b146c7
data_object_set	emsl:output_511453	649b003c1ae706d7b5b14691
data_object_set	emsl:output_512110	649b003c1ae706d7b5b146c8
data_object_set	emsl:output_511463	649b003c1ae706d7b5b146a3
data_object_set	emsl:output_511981	649b003c1ae706d7b5b146c0
data_object_set	emsl:output_511472	649b003c1ae706d7b5b146aa
data_object_set	emsl:output_512108	649b003c1ae706d7b5b146c5
data_object_set	emsl:output_511403	649b003c1ae706d7b5b14688
data_object_set	emsl:output_511903	649b003c1ae706d7b5b146ae
data_object_set	emsl:output_511462	649b003c1ae706d7b5b146a2
data_object_set	emsl:output_511983	649b003c1ae706d7b5b146c1
data_object_set	emsl:output_511454	649b003c1ae706d7b5b14694
data_object_set	emsl:output_512113	649b003c1ae706d7b5b146c9
data_object_set	emsl:output_511464	649b003c1ae706d7b5b146a0
data_object_set	emsl:output_512117	649b003c1ae706d7b5b146e1
data_object_set	emsl:output_511467	649b003c1ae706d7b5b146a4
data_object_set	emsl:output_512115	649b003c1ae706d7b5b146cb
data_object_set	emsl:output_511404	649b003c1ae706d7b5b1469d
data_object_set	emsl:output_511906	649b003c1ae706d7b5b146b5
data_object_set	emsl:output_511469	649b003c1ae706d7b5b146a8
data_object_set	emsl:output_512112	649b003c1ae706d7b5b146d7
data_object_set	emsl:output_511452	649b003c1ae706d7b5b14695
data_object_set	emsl:output_511979	649b003c1ae706d7b5b146bb
data_object_set	emsl:output_511460	649b003c1ae706d7b5b1469a
data_object_set	emsl:output_511975	649b003c1ae706d7b5b146b9
data_object_set	emsl:output_511465	649b003c1ae706d7b5b1469e
data_object_set	emsl:output_512104	649b003c1ae706d7b5b146c2
data_object_set	emsl:output_511459	649b003c1ae706d7b5b14698
data_object_set	emsl:output_511978	649b003c1ae706d7b5b146bd
data_object_set	emsl:output_511406	649b003c1ae706d7b5b1468a
data_object_set	emsl:output_511907	649b003c1ae706d7b5b146b6
data_object_set	emsl:output_511405	649b003c1ae706d7b5b1469b
data_object_set	emsl:output_511904	649b003c1ae706d7b5b146be
data_object_set	emsl:output_511471	649b003c1ae706d7b5b146a5
data_object_set	emsl:output_512111	649b003c1ae706d7b5b146ca
data_object_set	emsl:output_511397	649b003c1ae706d7b5b14686
data_object_set	emsl:output_511901	649b003c1ae706d7b5b146ad
data_object_set	emsl:output_511470	649b003c1ae706d7b5b146a7
data_object_set	emsl:output_511977	649b003c1ae706d7b5b146ba
data_object_set	emsl:output_511400	649b003c1ae706d7b5b14685
data_object_set	emsl:output_511902	649b003c1ae706d7b5b146ac
data_object_set	emsl:output_511458	649b003c1ae706d7b5b1469f
data_object_set	emsl:output_512107	649b003c1ae706d7b5b146ce
data_object_set	emsl:output_511456	649b003c1ae706d7b5b14696
data_object_set	emsl:output_512105	649b003c1ae706d7b5b146c4
data_object_set	emsl:output_511468	649b003c1ae706d7b5b146a6
data_object_set	emsl:output_511982	649b003c1ae706d7b5b146bf
data_object_set	emsl:output_511447	649b003c1ae706d7b5b1468c
data_object_set	emsl:output_511974	649b003c1ae706d7b5b146b7
data_object_set	emsl:output_511402	649b003c1ae706d7b5b14687
data_object_set	emsl:output_511908	649b003c1ae706d7b5b146b3
data_object_set	emsl:output_511461	649b003c1ae706d7b5b14699
data_object_set	emsl:output_511980	649b003c1ae706d7b5b146bc
data_object_set	emsl:output_511466	649b003c1ae706d7b5b146a1
data_object_set	emsl:output_512114	649b003c1ae706d7b5b146d1
data_object_set	emsl:output_511401	649b003c1ae706d7b5b1468b
data_object_set	emsl:output_511909	649b003c1ae706d7b5b146b8
