collection_name	legacy_id	new_id
omics_processing_set	emsl:500090	nmdc:omprc-11-3mbk2q18
omics_processing_set	emsl:500088	nmdc:omprc-11-3wsn0s07
omics_processing_set	emsl:500093	nmdc:omprc-11-4xyj5b22
omics_processing_set	emsl:500091	nmdc:omprc-11-av32k402
omics_processing_set	emsl:500095	nmdc:omprc-11-yx0zqm32
omics_processing_set	emsl:500094	nmdc:omprc-11-07jg9980
omics_processing_set	emsl:500097	nmdc:omprc-11-cty5ax47
omics_processing_set	emsl:500100	nmdc:omprc-11-eft0mp09
omics_processing_set	emsl:500099	nmdc:omprc-11-1zw3ez08
omics_processing_set	emsl:500096	nmdc:omprc-11-5yj1dd81
omics_processing_set	emsl:500101	nmdc:omprc-11-6ygpws48
omics_processing_set	emsl:500098	nmdc:omprc-11-bnrw2r65
omics_processing_set	emsl:500102	nmdc:omprc-11-793vc240
omics_processing_set	emsl:500161	nmdc:omprc-11-hs4k0380
omics_processing_set	emsl:500103	nmdc:omprc-11-4a8d5j62
omics_processing_set	emsl:500163	nmdc:omprc-11-r0hzrh88
omics_processing_set	emsl:500162	nmdc:omprc-11-qn780a74
omics_processing_set	emsl:500164	nmdc:omprc-11-z841e208
omics_processing_set	emsl:500166	nmdc:omprc-11-m926kb51
omics_processing_set	emsl:500831	nmdc:omprc-11-dhmqjx65
omics_processing_set	emsl:500160	nmdc:omprc-11-qxt63828
omics_processing_set	emsl:500829	nmdc:omprc-11-w693w477
omics_processing_set	emsl:500830	nmdc:omprc-11-970xc869
omics_processing_set	emsl:500167	nmdc:omprc-11-a45ncw83
omics_processing_set	emsl:500165	nmdc:omprc-11-87bntc15
omics_processing_set	emsl:500834	nmdc:omprc-11-sqhqwq89
omics_processing_set	emsl:500833	nmdc:omprc-11-5svnja50
omics_processing_set	emsl:501132	nmdc:omprc-11-evnx4a83
omics_processing_set	emsl:500835	nmdc:omprc-11-gp3et725
omics_processing_set	emsl:500836	nmdc:omprc-11-6vefsz40
omics_processing_set	emsl:501128	nmdc:omprc-11-3a8sb985
omics_processing_set	emsl:500837	nmdc:omprc-11-mkam5c55
omics_processing_set	emsl:501138	nmdc:omprc-11-shwfms36
data_object_set	nmdc:b3573e3cda5a06611de71ca04c5c14cc	nmdc:dobj-11-k4t2bj13
data_object_set	nmdc:e2653a4ce3f34c235ad7b01e87dd1016	nmdc:dobj-11-cdaa1e76
data_object_set	nmdc:2afff209a40ca4895307f3a47080c534	nmdc:dobj-11-7h69mw91
data_object_set	nmdc:e350fda9bd0651755171d79b413b8da3	nmdc:dobj-11-cyqstw62
data_object_set	nmdc:e8f825653e5736e29b73de55bd11a270	nmdc:dobj-11-4eyhz319
data_object_set	nmdc:f2eed9669268f69dbc31f0c4f839fccf	nmdc:dobj-11-wwrg6218
data_object_set	nmdc:61fb06de10fe3a0c49c5afe14ab7fb32	nmdc:dobj-11-vypnws78
data_object_set	nmdc:f0dc2f598fa06efbe99843bddaf54f60	nmdc:dobj-11-0b4xa957
data_object_set	nmdc:a550eb6e614b375c1089ab816163ea63	nmdc:dobj-11-1awbpg16
data_object_set	nmdc:e0c61a191258597984a05d86eaf4d71f	nmdc:dobj-11-xekqkj98
read_based_taxonomy_analysis_activity_set	nmdc:f1cbe3cc181b2e689272b4223b68c15f	nmdc:wfrbt-11-vjv9mv69.1
data_object_set	nmdc:bca8c2988929e7c176ec7b6609445db2	nmdc:dobj-11-y4jehs16
nmdc:MetagenomeAssembly	nmdc:363fe7a0dd914e046b274fea70625c52	nmdc:wfmgas-11-d5e0m377.1
data_object_set	nmdc:7e353b7bfb1586773fa00b515dffe6ec	nmdc:dobj-11-h4587k22
data_object_set	nmdc:e626ec18dba4885613240927cbb99d8b	nmdc:dobj-11-ts9md652
data_object_set	nmdc:603166d1e0da357d356a2029215d76ea	nmdc:dobj-11-ntj96d13
data_object_set	jgi:574fde867ded5e3df1ee1420	nmdc:dobj-11-27b8cc34
data_object_set	nmdc:d2e10038a40e81e81ba94f75ed1ec52c	nmdc:dobj-11-kqmvqc80
data_object_set	nmdc:7c6b0ef44450c747580826a2e218844b	nmdc:dobj-11-7s80s826
read_qc_analysis_activity_set	nmdc:a634b0691cf34899d9b09bc4573d4c36	nmdc:wfrqc-11-9xb6f819.1
data_object_set	nmdc:aecb320fdfe4c4da35c0206dd34e0f40	nmdc:dobj-11-c3mn0e80
data_object_set	nmdc:56edf81e5f5102edf7e416bc9430fbb6	nmdc:dobj-11-v8kfr482
nmdc:MetagenomeAssembly	nmdc:a634b0691cf34899d9b09bc4573d4c36	nmdc:wfmgas-11-vb93mw95.1
data_object_set	nmdc:d9b957c7efe7f753fe67441d0be605c6	nmdc:dobj-11-ya6wrw94
data_object_set	nmdc:b2b862aede4f333acec79aac3afc7254	nmdc:dobj-11-rcdgdg41
data_object_set	nmdc:7ca01ea379f0baed96f87d1435925f95	nmdc:dobj-11-cepngj91
read_qc_analysis_activity_set	nmdc:9990ae6d30bab3988f258ae8224acd89	nmdc:wfrqc-11-ghwgsz98.1
data_object_set	nmdc:1bd3a82d1ced0a3a4e4b207ecdeedc50	nmdc:dobj-11-jq53h660
data_object_set	nmdc:bdd701b44e67929ec8bbe279697da937	nmdc:dobj-11-298k4m59
read_qc_analysis_activity_set	nmdc:f18f00c9c36689307a6b4188b7b18e32	nmdc:wfrqc-11-s6f3hj39.1
data_object_set	nmdc:6f762f7b079f8c2633ef674a8264879f	nmdc:dobj-11-f0n43968
data_object_set	jgi:55d817f70d8785342fcf8270	nmdc:dobj-11-q9nhg022
read_qc_analysis_activity_set	nmdc:4fa91d90b1bd5f821a7f09edc8426939	nmdc:wfrqc-11-97gee770.1
data_object_set	nmdc:7a6b2ded3f49663d9916eaea3e129dc7	nmdc:dobj-11-fytgqj78
read_qc_analysis_activity_set	nmdc:ad03f306fbd2bb1f6302eedfc1cde9b2	nmdc:wfrqc-11-wg9njn24.1
data_object_set	nmdc:50f771c7bc17a0b184c2a10a24013f08	nmdc:dobj-11-j2r10p74
data_object_set	nmdc:2fceef0aaf1c3c3e3edd8d69bb72c8d3	nmdc:dobj-11-gw84rb47
data_object_set	nmdc:6974d394df454501e0515b31a2415367	nmdc:dobj-11-a484j858
data_object_set	nmdc:d883460ae5f8cbabc3d437e745935040	nmdc:dobj-11-4bje8f46
data_object_set	nmdc:b89858508c524a03011cd5191f7589fa	nmdc:dobj-11-xc2a6102
data_object_set	nmdc:1c2e2dff881b35a25b4622bbc66c3140	nmdc:dobj-11-fyh9wa76
data_object_set	nmdc:aee81646e593045bbb32a0012870b88b	nmdc:dobj-11-seawz396
data_object_set	nmdc:5b98c377f424d7609f1a09e350cfb837	nmdc:dobj-11-5btfk669
data_object_set	nmdc:8875c6ce19e13ed9a88447f2f78bb049	nmdc:dobj-11-08yr6408
data_object_set	nmdc:f4b68d1bd25f8d2fa8986aeef5fbec3f	nmdc:dobj-11-m080my95
data_object_set	nmdc:9f194d271c352af3f68f2afeb1dbd499	nmdc:dobj-11-wfz1tv95
read_qc_analysis_activity_set	nmdc:7ae51c3485db8a27225f08083565b28e	nmdc:wfrqc-11-76qers22.1
read_based_taxonomy_analysis_activity_set	nmdc:4cfac32b9cd7a8dd01d49117e1078a79	nmdc:wfrbt-11-hrz61v02.1
data_object_set	nmdc:64f455185b1bc610a8d74a84ed12683f	nmdc:dobj-11-yzhrym18
data_object_set	nmdc:473ca208ab97399a644c8e5326e765e5	nmdc:dobj-11-xgscr675
data_object_set	nmdc:82be5b6248eb4b0bfef1c9afa5c5c0bc	nmdc:dobj-11-f5m2rz09
data_object_set	nmdc:bcea8bbe63625ad0f3142abe69a4a11d	nmdc:dobj-11-agdtam93
data_object_set	nmdc:1ec0247d86889fcef13f39a58a92b066	nmdc:dobj-11-k2q62m97
read_qc_analysis_activity_set	nmdc:ed7745adccd65c2dd20dfa24c2922db2	nmdc:wfrqc-11-cq1nvs46.1
data_object_set	nmdc:d4f57641e41f0249f3fde7b973289cf5	nmdc:dobj-11-1pkhc029
nmdc:MetagenomeAssembly	nmdc:8bc23e2bd69c8af5538db3d6192a3b5b	nmdc:wfmgas-11-0pekvt45.1
data_object_set	nmdc:50d80a30d4ff113e36f6fd64b1f28547	nmdc:dobj-11-y748vr94
data_object_set	nmdc:21fb280328baf81e8135733eaf440b66	nmdc:dobj-11-7qzvk925
data_object_set	nmdc:a379527f61806391e42b3512146013a8	nmdc:dobj-11-4qzw0h93
data_object_set	nmdc:a80779b32415ef001d0403f0b618b612	nmdc:dobj-11-w12af303
read_qc_analysis_activity_set	nmdc:e05db57d44a39f083df9a1803551b79b	nmdc:wfrqc-11-mzxtft55.1
data_object_set	nmdc:3e583cccbbc068e0879ba6618bb6407c	nmdc:dobj-11-c65arj40
data_object_set	nmdc:e316502f9e7a78c9db3996ef832aa9d7	nmdc:dobj-11-f1ffzw49
data_object_set	jgi:574fde937ded5e3df1ee1428	nmdc:dobj-11-yk49re34
data_object_set	nmdc:60c663a34b79db2ee71edf1afe4c14e3	nmdc:dobj-11-qdqhqj11
read_based_taxonomy_analysis_activity_set	nmdc:20efb77f7b08a72b0c887c059686b7cf	nmdc:wfrbt-11-w804kk18.1
data_object_set	nmdc:bb92f0d18280f32aacf482a43a841372	nmdc:dobj-11-rk0tgh18
data_object_set	nmdc:a1062576d998b7b82e39b8d8520fa37e	nmdc:dobj-11-t413sd27
data_object_set	nmdc:bc0874c01bbd31c644cd598e2fdad3c4	nmdc:dobj-11-h0tctt93
data_object_set	nmdc:befbd648249c2871bd27999120e50bf7	nmdc:dobj-11-jqd1ez59
data_object_set	nmdc:425873a08e598b0ca2987ff7b9b5da1f	nmdc:dobj-11-ns4a0116
data_object_set	nmdc:6f8be89c7aab1c3f392b4f80c7ddf6a5	nmdc:dobj-11-emkzre76
data_object_set	nmdc:61f1f6d57fd4d445682e25ec34901721	nmdc:dobj-11-nyc6n836
data_object_set	nmdc:1b15ffb745e320a9bf0cac7e672e974b	nmdc:dobj-11-g2hm5w85
data_object_set	nmdc:6d7a930d79f220b06cde8fbf8339e744	nmdc:dobj-11-v0s1p403
data_object_set	nmdc:9437132a95f356e7cc6513f862f38f81	nmdc:dobj-11-097shg16
data_object_set	nmdc:4741908a5b07eaa2312ff3e6d2d991aa	nmdc:dobj-11-qs36pv81
data_object_set	nmdc:ad8aa7d317d86bcd1b33e6e68a917198	nmdc:dobj-11-8ehewz31
data_object_set	nmdc:7c1232ff8d861d2e2c111a1dc4a70480	nmdc:dobj-11-zzvktn09
data_object_set	nmdc:0a03ac5737750a3b336e7299e9f01ead	nmdc:dobj-11-gk119j87
data_object_set	jgi:574fde907ded5e3df1ee1426	nmdc:dobj-11-gwr45q80
read_qc_analysis_activity_set	nmdc:db181675b157d27d9b0b2f35b5cbf03e	nmdc:wfrqc-11-r77jek57.1
data_object_set	nmdc:6c400425b7188b24ac49533d9ce0d43b	nmdc:dobj-11-wrhbt936
nmdc:MetagenomeAssembly	nmdc:4fa91d90b1bd5f821a7f09edc8426939	nmdc:wfmgas-11-0e1hk463.1
data_object_set	nmdc:e4314c3743795e0be8beda8b7f806557	nmdc:dobj-11-7k2dg823
data_object_set	jgi:574fde577ded5e3df1ee13fc	nmdc:dobj-11-m60pbp80
data_object_set	nmdc:1a7b8f8968f451b5d5ccb97a10a56d89	nmdc:dobj-11-rywstr28
data_object_set	nmdc:997a66f49a232750bd7132639f3387e7	nmdc:dobj-11-hwpjgc82
data_object_set	nmdc:0d3200307a90e23525d3fefa7a25f867	nmdc:dobj-11-gqvp5104
read_qc_analysis_activity_set	nmdc:00a9e34a36f0ea767ff48aa2f411874f	nmdc:wfrqc-11-kghc6068.1
nmdc:MetagenomeAssembly	nmdc:b31abf9d7fe53e2f802bb53e2d13542b	nmdc:wfmgas-11-ycx6c474.1
nmdc:MetagenomeAssembly	nmdc:d6415e0c3e4f9b8702c1ae98c6fb2f48	nmdc:wfmgas-11-yfsvab65.1
read_based_taxonomy_analysis_activity_set	nmdc:8bc23e2bd69c8af5538db3d6192a3b5b	nmdc:wfrbt-11-ncs6qy28.1
data_object_set	nmdc:5b90d13539ce840980db101fa7c1df96	nmdc:dobj-11-j4k5z575
data_object_set	jgi:574fde547ded5e3df1ee13fa	nmdc:dobj-11-e1jwdn42
data_object_set	nmdc:33d86c437a046031ea2b4bed5a2d2d6b	nmdc:dobj-11-z24szv50
data_object_set	nmdc:002ed5f389b8a13735d27a8741290f6b	nmdc:dobj-11-psd2yt13
data_object_set	nmdc:81281fef2c0778516a84b3a672cc0230	nmdc:dobj-11-1xpq6z61
read_based_taxonomy_analysis_activity_set	nmdc:cb02cfd1451743d94381a247cf0a9d65	nmdc:wfrbt-11-6hbh4b64.1
data_object_set	nmdc:e5f1da9ed5be2adcd65763d387387c9f	nmdc:dobj-11-qjc7kh73
data_object_set	nmdc:35bf579641b2ffb3614098d9811a4968	nmdc:dobj-11-rawvk032
data_object_set	nmdc:a91f8dccb2baa53550216f5bdfbf1473	nmdc:dobj-11-1bzj8224
data_object_set	nmdc:2674db4e7e6171864fa47f0b3b5a9603	nmdc:dobj-11-pjsx9253
data_object_set	nmdc:0ca043b630ba304cb80603e8332c78cf	nmdc:dobj-11-n9yeh110
data_object_set	nmdc:7bfa3b5b29ec5cf9882251585d99f9bf	nmdc:dobj-11-3px7kd35
data_object_set	nmdc:0d0ee85be3a079b0eba5bb872c842f7d	nmdc:dobj-11-c89n5w38
data_object_set	nmdc:7e1438bf8076daf46f3d782d8f9656b4	nmdc:dobj-11-280wm494
data_object_set	nmdc:cc4d3160618a82f81518bdc97ce1f5e2	nmdc:dobj-11-3dz5c564
data_object_set	nmdc:e11fcbf66318878c05984fa3d893e3b7	nmdc:dobj-11-f52h3x84
data_object_set	nmdc:55385159fa8361d7ff747cdc1155512b	nmdc:dobj-11-q60e7r26
data_object_set	jgi:574fde647ded5e3df1ee1406	nmdc:dobj-11-w5w06b12
data_object_set	nmdc:c85f2f2b4a518c4adb23970448a5cb45	nmdc:dobj-11-cgznad65
data_object_set	nmdc:78dab6988b57c654462ef3dbeb64d8d6	nmdc:dobj-11-xznxda13
nmdc:MetagenomeAssembly	nmdc:c88a6f4e80cd6159dbbdeaeffbc28f55	nmdc:wfmgas-11-5j0vnn44.1
data_object_set	nmdc:35da19bc0e50db1f9a02fe1550d1df0e	nmdc:dobj-11-6rnp4n26
data_object_set	jgi:574fe0a67ded5e3df1ee148d	nmdc:dobj-11-2hqxan78
data_object_set	nmdc:cd10cca62774e66f60d60380ee18132e	nmdc:dobj-11-fyqxna63
data_object_set	nmdc:3685fdcfffdf34d2802c692dc0515e33	nmdc:dobj-11-9afmx093
data_object_set	nmdc:c4f2407273babd894282d4d0f20be5d1	nmdc:dobj-11-yaq4jm68
read_based_taxonomy_analysis_activity_set	nmdc:7ae51c3485db8a27225f08083565b28e	nmdc:wfrbt-11-52xw5g86.1
data_object_set	nmdc:0ecd5e99ec93ba17c7b02483560bafdf	nmdc:dobj-11-r8jcc011
data_object_set	jgi:574fe09c7ded5e3df1ee1487	nmdc:dobj-11-p7kp2866
data_object_set	nmdc:ae369194e4b24e137fc23da0412277a6	nmdc:dobj-11-8t0mfe97
data_object_set	nmdc:60f03b815160b29125c2bd0776a330bf	nmdc:dobj-11-fnq36766
data_object_set	nmdc:f6f1760721d73fc57919b2115a1d47ec	nmdc:dobj-11-ztkszm61
data_object_set	nmdc:2d89ade1cc6267bb77b48daa176442f2	nmdc:dobj-11-r3e3cd43
data_object_set	nmdc:46e203465faf61780fad8f626e9ab623	nmdc:dobj-11-cmabfs60
data_object_set	nmdc:16f77f4aaed29f3acc31646e1ce06b2d	nmdc:dobj-11-ftps5549
data_object_set	nmdc:b6afa25cadc614083204383bbad06f48	nmdc:dobj-11-3zrx8626
data_object_set	nmdc:46371c7bc8259e459f975f915aaac26f	nmdc:dobj-11-vee77j68
data_object_set	nmdc:3faf965a2e745048afed5d1c065a78c4	nmdc:dobj-11-9ac4t677
data_object_set	nmdc:f388f7f0d79d0b2bbec1c3c0c5641814	nmdc:dobj-11-vnkev607
data_object_set	nmdc:30bdf0aedf771221ca3f7f18ff4e0067	nmdc:dobj-11-ed6rpm32
data_object_set	nmdc:534f97f3792b74385c4da305196a1b1d	nmdc:dobj-11-vxhz8t26
data_object_set	nmdc:f9c01985f057825149d35de0650095a8	nmdc:dobj-11-5bpxb505
data_object_set	jgi:574fe0a17ded5e3df1ee148a	nmdc:dobj-11-77xd3s81
nmdc:MetagenomeAssembly	nmdc:9990ae6d30bab3988f258ae8224acd89	nmdc:wfmgas-11-qg46n668.1
nmdc:MetagenomeAssembly	nmdc:4cfac32b9cd7a8dd01d49117e1078a79	nmdc:wfmgas-11-qbm4dn32.1
data_object_set	nmdc:550b631e1de3e01392154e54493d47ef	nmdc:dobj-11-4hcy1z71
data_object_set	nmdc:7bf8ff4cf0d98cccd8e1c20f77dd1690	nmdc:dobj-11-pyhnxa18
data_object_set	nmdc:534c94e20d292a6bf09c0a42b550b4c2	nmdc:dobj-11-eez4sq39
data_object_set	nmdc:8f75800abbcf5a94043ad677d7cb975c	nmdc:dobj-11-1rwy5d73
data_object_set	nmdc:87b1ea13d41499eeb5eb67932db01423	nmdc:dobj-11-cebz9g10
nmdc:MetagenomeAssembly	nmdc:10c6e87f449fdc27c6b8bfbc9e25d6a3	nmdc:wfmgas-11-7f7vr554.1
data_object_set	nmdc:a07c6c5fb68d1a56e39d93e8745b96cb	nmdc:dobj-11-v3bwj162
data_object_set	nmdc:b13ee2ee52d15c3669aecd2e913f2658	nmdc:dobj-11-k1v49k83
data_object_set	nmdc:1a208e2519770ef50740ac39f1b9ba9a	nmdc:dobj-11-2r7m8122
data_object_set	nmdc:e44f717fc6f3458c17b4f5129a5e7920	nmdc:dobj-11-ec3r7v46
nmdc:MetagenomeAssembly	nmdc:168441535388b19bbdee0928b42e5b20	nmdc:wfmgas-11-9g8ska18.1
data_object_set	nmdc:cb3bd5ca5088484cb4e580ad91d736b2	nmdc:dobj-11-esbm7d61
data_object_set	nmdc:992fb303b5ced60489fea0ce6dae71f9	nmdc:dobj-11-x3rxwj88
nmdc:MetagenomeAssembly	nmdc:cb02cfd1451743d94381a247cf0a9d65	nmdc:wfmgas-11-pf85tm33.1
data_object_set	nmdc:8f14c016997dd96f70f547df930717be	nmdc:dobj-11-jkfs1p51
data_object_set	nmdc:17bc87145b0dcabbb8e3de0f393f4d4d	nmdc:dobj-11-r5404954
data_object_set	nmdc:a25a5d7e399624e5e5735b65a9dd322a	nmdc:dobj-11-6609ph91
data_object_set	nmdc:a8dd7aa20043510158ad3b2bbe961b42	nmdc:dobj-11-bxpmng85
data_object_set	nmdc:de45d70cc01749e9b5691dc24674545d	nmdc:dobj-11-kcpdcn94
data_object_set	nmdc:5eddebfbfabfd9c0e71c2699bee73870	nmdc:dobj-11-xt38hs67
nmdc:MetagenomeAssembly	nmdc:f1cbe3cc181b2e689272b4223b68c15f	nmdc:wfmgas-11-qdf94134.1
data_object_set	nmdc:ed2c05d1702a9a811b8a98de748bc82a	nmdc:dobj-11-01y3sg27
data_object_set	nmdc:7f93f97242aed036019f13492f5af35c	nmdc:dobj-11-4qyeng03
data_object_set	nmdc:6969fd7f4b1a5a34fb30d31b92cd6bf8	nmdc:dobj-11-8hd0dc34
data_object_set	nmdc:a5b5801b13f062bc09a1405d0a01e6ac	nmdc:dobj-11-25csgn63
data_object_set	nmdc:19987e32391f846db382edabf14ba43e	nmdc:dobj-11-6dq52722
data_object_set	nmdc:0d1729a83798b752f33eeb8d97afe972	nmdc:dobj-11-0m7e4a53
data_object_set	nmdc:6c7fec765f2a225f168ebb1f69961013	nmdc:dobj-11-kagqq782
data_object_set	nmdc:c9074b2e05765afd68463dc301b87995	nmdc:dobj-11-h10gww56
read_based_taxonomy_analysis_activity_set	nmdc:414c4647eddd8081308d92da2d59815e	nmdc:wfrbt-11-863a6a11.1
data_object_set	nmdc:9481434cadd0d6c154e2ec4c11ef0e04	nmdc:dobj-11-32ywja62
data_object_set	nmdc:b85a322271c7f93ef295141d12cb2dbc	nmdc:dobj-11-6nz4jf76
nmdc:MetagenomeAssembly	nmdc:2de70a234a7c626b9f512b8aa3b73717	nmdc:wfmgas-11-rewwt290.1
data_object_set	nmdc:3d9e14d6f7a854042a7d71def080409b	nmdc:dobj-11-zd8tnr02
data_object_set	nmdc:b797ed6cb135c993b582cac368b2a93c	nmdc:dobj-11-j8j3py92
data_object_set	jgi:55d740220d8785342fcf7e35	nmdc:dobj-11-eczb4c20
data_object_set	nmdc:a2700afe93abad6f004a3701348622a2	nmdc:dobj-11-6zpv4k23
data_object_set	jgi:574fe0af7ded5e3df1ee1493	nmdc:dobj-11-8p9q8e65
data_object_set	nmdc:242a1c60f6cb14ba8430375171fda436	nmdc:dobj-11-h148tv17
data_object_set	nmdc:bf5aa70f6ff14da2ef1393124ec29c4d	nmdc:dobj-11-r21sbt23
data_object_set	nmdc:70c2fc1a2c7c0032528ff91ad1576465	nmdc:dobj-11-9ssagr55
data_object_set	nmdc:07b6457a094fab96563168ed287dc59f	nmdc:dobj-11-grvw1n17
data_object_set	nmdc:80dd3584d257e8f84b59118ffd0d5e21	nmdc:dobj-11-3sawjx63
read_qc_analysis_activity_set	nmdc:b82754c2c692809f9e59ff9824278c32	nmdc:wfrqc-11-t4gzxp61.1
nmdc:MetagenomeAssembly	nmdc:668844f5ea6cefdcb893db0bb6afc92a	nmdc:wfmgas-11-mj0gqq69.1
data_object_set	nmdc:623aa370c44897cf30844647c2f5bd94	nmdc:dobj-11-a07j8150
data_object_set	nmdc:0526ea84f6e7893f5b6d62a32f81a199	nmdc:dobj-11-sjjbft21
data_object_set	nmdc:d76c80bf15c4fd84f28c7150f24a8143	nmdc:dobj-11-fd7q9r35
data_object_set	nmdc:8f8a0622cfe39054bd20f11116c78402	nmdc:dobj-11-t85ws719
data_object_set	nmdc:1608f12840c36ac1d882cc6ef4f4627f	nmdc:dobj-11-t581wq05
data_object_set	nmdc:b77ef3014c80797cc88509adf02be002	nmdc:dobj-11-5qc2cd11
data_object_set	nmdc:b549d169e5b0693152555373a6d8ee75	nmdc:dobj-11-wqmc4p90
data_object_set	nmdc:2b699163734ee73cbccc94e4767d36c0	nmdc:dobj-11-f1gdya92
data_object_set	nmdc:0d021c80bfd39c8293a8b355b8ff3605	nmdc:dobj-11-3253rq13
data_object_set	nmdc:84255d3bab9ea79151db5ad7bcbc677c	nmdc:dobj-11-e5sxf057
data_object_set	nmdc:d305e212cce8f84f14561d3957c968b1	nmdc:dobj-11-ze079s93
data_object_set	nmdc:ac98d3d128ec5b045a9ef019a5653b99	nmdc:dobj-11-evnd3k28
data_object_set	nmdc:cfd63309cd38a293615ddce5e8ea6402	nmdc:dobj-11-2qq0vg44
data_object_set	nmdc:6672aa851b5d39d7381211232b4f6cb2	nmdc:dobj-11-3948dy58
data_object_set	nmdc:be0c2bc71cefcb0f0a23d270d047f30c	nmdc:dobj-11-rjwqsr82
data_object_set	nmdc:3373ef564b5b97fa472dc8f2c2277dbc	nmdc:dobj-11-5va11991
data_object_set	nmdc:f112a3840464ae7a9cf4a3bf295edd5c	nmdc:dobj-11-jz02ej60
data_object_set	nmdc:08f1ba3d3d380a167182c1beb7da304f	nmdc:dobj-11-rranwc44
data_object_set	nmdc:4d9d83ac8db218e6d0bd4f29801c3ce3	nmdc:dobj-11-nr3fgp93
read_based_taxonomy_analysis_activity_set	nmdc:1a0a2a1b5db9455e9dbbacf102059180	nmdc:wfrbt-11-94j10793.1
data_object_set	jgi:55d817fc0d8785342fcf8274	nmdc:dobj-11-4bdamb60
nmdc:MetagenomeAssembly	nmdc:0aec70779dcdcc1b577d7e372c0eca87	nmdc:wfmgas-11-gmrycb32.1
data_object_set	nmdc:f450e3800e17691d5874c89fc46c186a	nmdc:dobj-11-feecpq59
data_object_set	nmdc:3659ac6c99dea0fb1385c58eac8b1335	nmdc:dobj-11-6b96w739
data_object_set	nmdc:118dd6190bdaf127d3c105cc73012cc3	nmdc:dobj-11-ac3y1192
data_object_set	nmdc:70f29a321c925cfc0e2003515f708400	nmdc:dobj-11-xvyhs811
read_qc_analysis_activity_set	nmdc:8e2d8da1d05b292a52a33732a6bc4391	nmdc:wfrqc-11-2ds6b750.1
data_object_set	nmdc:95b3150e6fb62195c1e5ebf06f87c7d5	nmdc:dobj-11-1me90303
data_object_set	nmdc:de5b15fa9d3bdbc3abcc2475ee351323	nmdc:dobj-11-v56gjx64
data_object_set	nmdc:5ada15f24d3de4a96521532a4ced6018	nmdc:dobj-11-wqe8sf68
read_based_taxonomy_analysis_activity_set	nmdc:b2025bb4a2c7616273d414e4093f63ca	nmdc:wfrbt-11-qm2mck94.1
read_qc_analysis_activity_set	nmdc:10c6e87f449fdc27c6b8bfbc9e25d6a3	nmdc:wfrqc-11-wd453120.1
data_object_set	nmdc:9aef1d9e04acfe0b7fb1b9dc3b842912	nmdc:dobj-11-4b7y0874
read_based_taxonomy_analysis_activity_set	nmdc:74b40db9b9eef8519a02f49fe6034be5	nmdc:wfrbt-11-swybr770.1
read_based_taxonomy_analysis_activity_set	nmdc:c6d11b07b7b33c0d906ce0d4a58a7ccf	nmdc:wfrbt-11-31a6qq08.1
data_object_set	nmdc:c3a8d9f48266a43ad74fc581132e2bba	nmdc:dobj-11-ratspv73
data_object_set	nmdc:2a30cf44cc596923301befc34edf6c0a	nmdc:dobj-11-t4fdx467
data_object_set	nmdc:faeb84260d97f23162a6176b9442a5c8	nmdc:dobj-11-rnt5f570
data_object_set	nmdc:28beb8baabdaf346f2066b40f375a152	nmdc:dobj-11-27nzyb70
data_object_set	nmdc:99bb1311b220e9a03da619fe5fb58f0f	nmdc:dobj-11-2zr6eh33
data_object_set	nmdc:49d5d11132bd5a02c3dd077d42a6a16b	nmdc:dobj-11-vmbcr223
data_object_set	nmdc:adb155cdb656648496484998a62fb96f	nmdc:dobj-11-te0sdn73
data_object_set	nmdc:eb189cbf0543203d2521397b73d4d34b	nmdc:dobj-11-2wc8e330
data_object_set	nmdc:9089d07fdee5ed03e901c1656206af02	nmdc:dobj-11-1bwrvn16
nmdc:MetagenomeAssembly	nmdc:00a9e34a36f0ea767ff48aa2f411874f	nmdc:wfmgas-11-ry0ne970.1
read_qc_analysis_activity_set	nmdc:0ef6e04f4cefbcd9e2d3d2a7717baa3e	nmdc:wfrqc-11-h8gcx169.1
data_object_set	nmdc:678e7c401a6971629f7d3ada83b307ab	nmdc:dobj-11-7gj9vp06
data_object_set	nmdc:f61f1e62791a38beae95bd95833a6784	nmdc:dobj-11-tbhqvb55
data_object_set	nmdc:0c1d139abdfa9fa10f26923abb4d6bda	nmdc:dobj-11-en24m060
data_object_set	nmdc:67e3c200d3765733af33d1db1f4bf968	nmdc:dobj-11-7azvcx95
data_object_set	nmdc:89e810af4915f0e117eaa60550587453	nmdc:dobj-11-tt4gq828
data_object_set	nmdc:869730c4d81163e0c238dd4ae27ebd9e	nmdc:dobj-11-swj9ny62
data_object_set	nmdc:39a46887587926c9b81e126bb1036005	nmdc:dobj-11-70nyzy41
data_object_set	nmdc:38b7c63d0157f8bf4316f4295f0e6e28	nmdc:dobj-11-x1vccy78
data_object_set	nmdc:59807dae5216b11c96df5593a26d9a88	nmdc:dobj-11-d0s4a694
data_object_set	nmdc:059ff39ced52c0df45a331c4e9e10fdd	nmdc:dobj-11-pdwd1c46
data_object_set	nmdc:4ae4dbd13c7338df5c00555bc6755947	nmdc:dobj-11-7ya51z14
data_object_set	nmdc:805310f4b1e39a0cc9e5b5787576cb8b	nmdc:dobj-11-kdm38v14
data_object_set	nmdc:08a13111a5314ec4c8dbaa59790dc2f1	nmdc:dobj-11-3a9ygg89
data_object_set	nmdc:a8f93ed13033eb949109b4e83980a893	nmdc:dobj-11-vpg90w59
data_object_set	nmdc:f1a811dbc523f9a27dbc004b8a66f0cb	nmdc:dobj-11-t17ahk21
data_object_set	nmdc:0a1ebd847e3bb8f928ef491497f8355b	nmdc:dobj-11-q5nvpy39
data_object_set	nmdc:6d72d9fb6a282f8872cd3d5b8ce1a29d	nmdc:dobj-11-fsnxan98
data_object_set	nmdc:8983fa1acb03f2905bbec3a6ccee2854	nmdc:dobj-11-8fe2fm69
data_object_set	nmdc:baaca868b1fed932b463e489708dd741	nmdc:dobj-11-myrwxe14
data_object_set	nmdc:2ef23543e3064ca73c3034713d87c026	nmdc:dobj-11-2ye63k76
data_object_set	nmdc:0781e8042688219035efafe7d75858d0	nmdc:dobj-11-6h3f6g40
data_object_set	nmdc:dae7c6e067f69ef6db39b4240cc450ba	nmdc:dobj-11-xkg7c157
data_object_set	nmdc:aae9e961d8ed716457616c8a8841037b	nmdc:dobj-11-1s0r9140
data_object_set	nmdc:172e5cf3b5c5bf8e4896058dad3e814a	nmdc:dobj-11-zngbp368
data_object_set	nmdc:8585f6896702bddf64b02191be5921f4	nmdc:dobj-11-g3apb328
nmdc:MetagenomeAssembly	nmdc:36fa8157feb62e7d176b99031e5e41a9	nmdc:wfmgas-11-33k5ys39.1
data_object_set	nmdc:25a7ff469ffae5906d6ade4d74cab88f	nmdc:dobj-11-8xepvz48
data_object_set	nmdc:e0479eb7fd3345aaf134640e0b9e11b0	nmdc:dobj-11-x067h546
data_object_set	nmdc:222bac312efdd6c86d2475ad224b7907	nmdc:dobj-11-crq0c992
read_qc_analysis_activity_set	nmdc:c61259a6fe99bc2482a8619c099e6cc2	nmdc:wfrqc-11-sckq6h03.1
data_object_set	nmdc:0f2b82878f54787c127bf03338d5c605	nmdc:dobj-11-jt2wjn18
read_based_taxonomy_analysis_activity_set	nmdc:b82754c2c692809f9e59ff9824278c32	nmdc:wfrbt-11-mtq5pt29.1
data_object_set	nmdc:a4405d49e8efe2ee124d25e2414de56c	nmdc:dobj-11-86jxr507
data_object_set	nmdc:c6fd5c573ef8605d9b43ff9c698af423	nmdc:dobj-11-ehsh2317
data_object_set	nmdc:2e4532cb03bb1e9201976b9d65893788	nmdc:dobj-11-en6e5g48
data_object_set	nmdc:335dbf6f1055de0950988a002f432c0b	nmdc:dobj-11-bye92x98
nmdc:MetagenomeAssembly	nmdc:954288cfef2de46d4b895fac3811a7d0	nmdc:wfmgas-11-3nfn8g16.1
data_object_set	nmdc:064ba18473eb80ff0b484311565d2894	nmdc:dobj-11-g21z4k84
data_object_set	nmdc:b0462e18cf9dafc9d2207a58bf085530	nmdc:dobj-11-dcx9yh47
data_object_set	nmdc:2a288a5827b66c88f8abf202bbe37aab	nmdc:dobj-11-rpt7mv55
nmdc:MetagenomeAssembly	nmdc:30cd614596fd2a4b87220523f8a6ff30	nmdc:wfmgas-11-cn789m84.1
data_object_set	nmdc:d231edb2040700184064615a28e65ee5	nmdc:dobj-11-71qzda11
nmdc:MetagenomeAssembly	nmdc:ad03f306fbd2bb1f6302eedfc1cde9b2	nmdc:wfmgas-11-8h862k21.1
read_qc_analysis_activity_set	nmdc:d6415e0c3e4f9b8702c1ae98c6fb2f48	nmdc:wfrqc-11-qnv6ax73.1
data_object_set	nmdc:e8602b20781cdbbd84e6dcb92c048a6b	nmdc:dobj-11-2fdaz990
data_object_set	jgi:574fe09a7ded5e3df1ee1485	nmdc:dobj-11-ryyjew82
data_object_set	nmdc:8afcf1e8b7b3f35edaefee7a0c31e19f	nmdc:dobj-11-9ffbcn23
data_object_set	nmdc:e20f8c00473472fa073adde871860801	nmdc:dobj-11-c2a1mn81
data_object_set	nmdc:db82b41936f37bbbeaa027ffc25b58cd	nmdc:dobj-11-vgtv2m48
data_object_set	nmdc:dd953aebfd5cf624a5ffa8c6d6b64b08	nmdc:dobj-11-m96fev17
data_object_set	nmdc:2d13b3a30339b9c5b4fba099f9d4b10f	nmdc:dobj-11-dhscdc29
data_object_set	nmdc:a81ddf4e3bc044e8601554117cd887aa	nmdc:dobj-11-9yz9d229
data_object_set	nmdc:6c54105711e818c4d8169ab595b05efe	nmdc:dobj-11-aa2qvg25
data_object_set	nmdc:acea91fced8993a40cf1eb9cda29c4cd	nmdc:dobj-11-e7c1fq03
data_object_set	nmdc:229017cdb1832bb718d22dc27db44125	nmdc:dobj-11-72m5qc70
data_object_set	nmdc:33ff1d85d17d763afc9e21e481cc10d2	nmdc:dobj-11-rhfn6066
data_object_set	nmdc:bc7c1bda004aab357c8f6cf5a42242f9	nmdc:dobj-11-12x4fx41
data_object_set	nmdc:33bf814280051c220e0c4a06f7935728	nmdc:dobj-11-3b19tb59
data_object_set	nmdc:c40fa552711f6b19130b2a559f2d4cdc	nmdc:dobj-11-77v09m63
data_object_set	nmdc:9e3e55fe2f337ee0192604f8aa13da8e	nmdc:dobj-11-dpn17c44
read_qc_analysis_activity_set	nmdc:1a0a2a1b5db9455e9dbbacf102059180	nmdc:wfrqc-11-2cnste66.1
data_object_set	nmdc:35a0d72edac6c5e7f9c8ddf86c5534e0	nmdc:dobj-11-jr5tk119
data_object_set	nmdc:a00960655f9e80726fdb0fade1bec958	nmdc:dobj-11-rb53hp70
data_object_set	nmdc:eb516fb673793f5161fb634fc19de310	nmdc:dobj-11-a6gjbt65
data_object_set	nmdc:303d7282e6f91afaa9564c65107d4086	nmdc:dobj-11-c8hr8653
data_object_set	nmdc:8533a56006bdc1841b6fc16e99b6a84a	nmdc:dobj-11-s0cvfr54
data_object_set	nmdc:919c5aade4fffb76f743a33b035b2839	nmdc:dobj-11-ax38ty87
data_object_set	nmdc:715c66c69b621478da7d48481f3cbd1d	nmdc:dobj-11-b242cb96
data_object_set	nmdc:8c1683fa4041bd10711aa3beb4735811	nmdc:dobj-11-v8mvhd98
data_object_set	nmdc:6cd0210b345d6908ad8ab683b1a11572	nmdc:dobj-11-9d9fbc83
data_object_set	nmdc:208a3777ef0b99408f0d5832dee576e0	nmdc:dobj-11-zcta9r80
data_object_set	nmdc:a0f466071ed249babf1a5653e1c20a02	nmdc:dobj-11-arhv3832
data_object_set	nmdc:268918f610926421d2af43f175553680	nmdc:dobj-11-zq4zpr58
data_object_set	nmdc:bad916c69afe839097650b0b9526a841	nmdc:dobj-11-83x3ym75
data_object_set	nmdc:a4f65d101293fa4345cd865f86597464	nmdc:dobj-11-rmre0q05
data_object_set	nmdc:05f7680c6646904cfb16fc146c0fed4a	nmdc:dobj-11-8qfqvj87
read_qc_analysis_activity_set	nmdc:168441535388b19bbdee0928b42e5b20	nmdc:wfrqc-11-5y2c6c50.1
data_object_set	nmdc:416254a3bfc685dd16c11d65a222305f	nmdc:dobj-11-3d6nfe75
data_object_set	nmdc:1d0302bec371a73f040d052f4b66277c	nmdc:dobj-11-zvat0879
data_object_set	nmdc:b02b0a0145d14e97a31e6a6f7e4b8dc8	nmdc:dobj-11-mpfpg091
data_object_set	nmdc:ed0ea2f2ef6b667c5f8e60cd7d197cf5	nmdc:dobj-11-rjdepf75
nmdc:MetagenomeAssembly	nmdc:676183a611b251dc6b8f0b8ca600181b	nmdc:wfmgas-11-ff49me12.1
data_object_set	nmdc:d3b27bed597f07ad4bb4a500ad2fb928	nmdc:dobj-11-v7m1mb69
read_qc_analysis_activity_set	nmdc:f1cbe3cc181b2e689272b4223b68c15f	nmdc:wfrqc-11-x6k9j041.1
data_object_set	nmdc:3049835ed4e3533acce49e9cc60b03fc	nmdc:dobj-11-3cgfre62
data_object_set	nmdc:d7ee4628101b11bc5fb67d961a4e1a0a	nmdc:dobj-11-0vzc9n64
nmdc:MetagenomeAssembly	nmdc:20efb77f7b08a72b0c887c059686b7cf	nmdc:wfmgas-11-gg2nj219.1
data_object_set	nmdc:81a6efbd082e07bc2db174a88d64a272	nmdc:dobj-11-k10r1284
data_object_set	nmdc:5122503797ac0ed9694a6f4feecab955	nmdc:dobj-11-kynsb162
data_object_set	nmdc:9d607ebd92ad5bcbaaa405884d4a83a3	nmdc:dobj-11-jfsv4796
nmdc:MetagenomeAssembly	nmdc:88c0fc9b5b0bb0cd814448bbfba0da6a	nmdc:wfmgas-11-k0rac094.1
data_object_set	nmdc:c525c04f90889be615025c667908370c	nmdc:dobj-11-a6beeh85
data_object_set	nmdc:dc2e21becda8d6b010a95897cf97ae90	nmdc:dobj-11-cav9ce57
data_object_set	nmdc:034df323b47f010f27e7c032d445a891	nmdc:dobj-11-6a6xvw82
read_based_taxonomy_analysis_activity_set	nmdc:c86126b11f214f19721c56fadf91d87c	nmdc:wfrbt-11-88gfhr30.1
data_object_set	jgi:574fde8c7ded5e3df1ee1424	nmdc:dobj-11-4r4czk70
data_object_set	jgi:55d7402a0d8785342fcf7e3b	nmdc:dobj-11-frsjtv75
data_object_set	nmdc:833077b40372c6daa20beaed04ed0ae1	nmdc:dobj-11-0612am58
data_object_set	nmdc:7d6ec08ff0d080997fda7c7417f9c3d4	nmdc:dobj-11-vy5aae84
data_object_set	nmdc:2777a04ec7e23aff356bb4f2733e55b7	nmdc:dobj-11-45jwhx84
nmdc:MetagenomeAssembly	nmdc:80cd0785782060a937ca17d1b417b0b6	nmdc:wfmgas-11-4x7ks126.1
data_object_set	nmdc:c082eff434fe4863c0e29c79b759d100	nmdc:dobj-11-wtct0890
data_object_set	nmdc:61e3c875231ae8999b5aa1dbf7d55cca	nmdc:dobj-11-fvpep972
data_object_set	nmdc:ae51ea50660f44fa3b317a45f3015556	nmdc:dobj-11-8ne9r739
data_object_set	nmdc:f54e8bda482b1cb8bc8e121ee5f39e07	nmdc:dobj-11-44xnjw88
data_object_set	nmdc:825969095ff134b195b06a40fcc6089a	nmdc:dobj-11-zf2x7s12
data_object_set	nmdc:b60f674a01e3f7fff5ead95f330cef4f	nmdc:dobj-11-6cmdz378
data_object_set	nmdc:1ac2be77491e7d425da1d62f69f1508d	nmdc:dobj-11-3h16py85
data_object_set	nmdc:1357df297d8d8a872b335e0c3222d102	nmdc:dobj-11-7kwrex65
data_object_set	nmdc:ed2e4b90c8c2947486cc5c3c5828f949	nmdc:dobj-11-24gmwa85
data_object_set	nmdc:a7b6cc370371668be2e3bb90f5ca0fd1	nmdc:dobj-11-tzk0kj08
data_object_set	nmdc:93d26b69073bd4d6283aee3c7e5997d4	nmdc:dobj-11-mebxa237
data_object_set	nmdc:26d0d64ca7c850f0e04a4c33690bd178	nmdc:dobj-11-k313g906
data_object_set	nmdc:6420476f7e93425a68aa00b8e09cd6e7	nmdc:dobj-11-8rqp4w28
data_object_set	nmdc:b09795fc768257d881e8ce547be0ce68	nmdc:dobj-11-z20cpw85
data_object_set	nmdc:a0631ed87dc2e7c69355ef575dbe4e60	nmdc:dobj-11-necxqj62
data_object_set	nmdc:31dd6eb616f1e9815778453ab1601195	nmdc:dobj-11-ge237n90
read_based_taxonomy_analysis_activity_set	nmdc:9990ae6d30bab3988f258ae8224acd89	nmdc:wfrbt-11-38kygg83.1
data_object_set	nmdc:33a20a77c3dc5b4feb102d66dfbfbe11	nmdc:dobj-11-2spyr474
data_object_set	nmdc:db5ccad12d6ddb46947fbd815aae7f9a	nmdc:dobj-11-rw9wh361
data_object_set	nmdc:ccca920c56ad3d050e2d8801bcbe4855	nmdc:dobj-11-s8gbnb47
data_object_set	nmdc:ba32f20b0cc5143783e00c5d1ba15223	nmdc:dobj-11-c5drsr48
data_object_set	nmdc:ad045e491d27a8a2a4bb13c62ed74fd8	nmdc:dobj-11-c0p2nk28
read_based_taxonomy_analysis_activity_set	nmdc:0aec70779dcdcc1b577d7e372c0eca87	nmdc:wfrbt-11-achbtn11.1
data_object_set	nmdc:9e550afb3bcd8d66807f861ecfed815b	nmdc:dobj-11-zfyrbg37
data_object_set	nmdc:890f494d1dd5e130d6c1688e78f27ff2	nmdc:dobj-11-bh31xf36
data_object_set	nmdc:5b510e336e60b6120b43e9b6420a074e	nmdc:dobj-11-cwskam22
data_object_set	nmdc:5e503e3abe6eb9e94c34a55da5bbafdc	nmdc:dobj-11-f4q16717
read_qc_analysis_activity_set	nmdc:aa214e53dc8472f9ff99b02245d8f943	nmdc:wfrqc-11-w18h9845.1
data_object_set	nmdc:a5ac6665e5d66242b1c885a911236982	nmdc:dobj-11-n5bh5h62
data_object_set	nmdc:fbbad3e21108a372e3d53c9ee8fc3cd5	nmdc:dobj-11-wrmxya96
data_object_set	nmdc:081017d0d9e68a999c245618eb907c08	nmdc:dobj-11-rznqmg71
nmdc:MetagenomeAssembly	nmdc:b2025bb4a2c7616273d414e4093f63ca	nmdc:wfmgas-11-awr04n18.1
data_object_set	nmdc:c2301a45b987661e5e6f32eaf6928003	nmdc:dobj-11-kxf7dv74
data_object_set	nmdc:36692b7b93756aaabd7f1f6259753c4e	nmdc:dobj-11-9tts2w60
data_object_set	jgi:574fde607ded5e3df1ee1403	nmdc:dobj-11-r6x03k94
data_object_set	nmdc:0a1f96cd74ec9f1a6668924745689014	nmdc:dobj-11-15jsrv80
data_object_set	nmdc:909ae2a351ab1b99dfa877969ba33fc0	nmdc:dobj-11-qe8bd490
data_object_set	nmdc:1d46eebd0f194f57dd9e92c9bc992891	nmdc:dobj-11-671kef57
read_based_taxonomy_analysis_activity_set	nmdc:8093869c91384d3299431e56019f7de0	nmdc:wfrbt-11-wd2r1j79.1
data_object_set	nmdc:ac90bf3384ce44d097f7897ac5ff8134	nmdc:dobj-11-0x8zjs70
data_object_set	nmdc:e0736ff520260ba2097c02b9e767362c	nmdc:dobj-11-fw792740
data_object_set	nmdc:8483663a943ff4c0fc0249353676bfc1	nmdc:dobj-11-ccsv0810
data_object_set	nmdc:5e79fce62ffa8c4479be5159143797e0	nmdc:dobj-11-6xknng22
data_object_set	nmdc:6d54f73f251de1bd5c4ca8665f098ac0	nmdc:dobj-11-8ed1fn95
data_object_set	nmdc:e5227b1cfdbc266c44d23028c92150a9	nmdc:dobj-11-seh0dn88
data_object_set	nmdc:13343b2533892633bcc3655a1ebe788f	nmdc:dobj-11-cp4bta47
data_object_set	nmdc:481fbd8cdeacd71e54a45c78d5decb36	nmdc:dobj-11-cvfvbm48
data_object_set	nmdc:cf23062373806986b70244b1fabbd17b	nmdc:dobj-11-pcab0g82
data_object_set	nmdc:89dd3c10791083ae5a5b30c2154deabd	nmdc:dobj-11-23w90t32
data_object_set	nmdc:75180fce38f38a6307231b47a8d2b23b	nmdc:dobj-11-azds5428
data_object_set	nmdc:9aa0ec113eb8dd22e7f574216d1760b2	nmdc:dobj-11-7vcx7x83
data_object_set	nmdc:ff612445b348b65f906cd8858c4ec54e	nmdc:dobj-11-h3r3bm34
data_object_set	jgi:574fe0ac7ded5e3df1ee1491	nmdc:dobj-11-v0xmdy61
data_object_set	nmdc:1879e0e9af6d568ac9c7ffdb47fc7f12	nmdc:dobj-11-bj6vjj22
data_object_set	nmdc:bc82dcb8151fc20c22be71b6531a1fb2	nmdc:dobj-11-tp031z56
data_object_set	nmdc:3f14ff51550d9d78dae3a7ec08514907	nmdc:dobj-11-1jta1e08
data_object_set	nmdc:cacb8f623a808d0cae094d46f2801dd3	nmdc:dobj-11-0jy9p249
data_object_set	nmdc:0ed808b8ce29d39c3b555e7d5bf4c274	nmdc:dobj-11-qgxasr41
data_object_set	jgi:55a9caff0d87852b2150891e	nmdc:dobj-11-bjzqa902
data_object_set	nmdc:362a9857666fe2f4e90bf6a818f551cc	nmdc:dobj-11-ak1kc975
data_object_set	nmdc:2a79d7978caecf9b08fb2029fa42c9b3	nmdc:dobj-11-3yh1ej98
data_object_set	nmdc:b99ce8adc125c95f0bfdadf36a3f6848	nmdc:dobj-11-j2pekp13
data_object_set	nmdc:d8a410c52c8f6cf0097b674492cc3926	nmdc:dobj-11-rqvtgw13
data_object_set	nmdc:e3f410adc2347396abfdec2a848000d9	nmdc:dobj-11-rqkc2e34
data_object_set	nmdc:b9d6d8a8297f9a604ac85a334a3412de	nmdc:dobj-11-fer23w51
data_object_set	nmdc:1d4f5a605d4549801fda16da567efe56	nmdc:dobj-11-93rqk597
data_object_set	nmdc:5c9398042e9ff608befa78e86597bdf0	nmdc:dobj-11-m7vr7v13
data_object_set	nmdc:f4a1cf24281f14a666a1bfc9afc0aab5	nmdc:dobj-11-wmdvm522
read_qc_analysis_activity_set	nmdc:954288cfef2de46d4b895fac3811a7d0	nmdc:wfrqc-11-k4840506.1
data_object_set	nmdc:5049a65d2a42d73c5d47373e990b70f7	nmdc:dobj-11-tnhqar13
data_object_set	nmdc:38d41d4299141abe28bf0405af80cdfc	nmdc:dobj-11-wxy57561
data_object_set	nmdc:55b6c047c48f5bf9fb156f139992e4d8	nmdc:dobj-11-a1tzjb96
data_object_set	nmdc:cc8faed3494579d793c08ede54cb5b3a	nmdc:dobj-11-kr125v16
data_object_set	nmdc:a0263d8b11653306a05f598395ca603a	nmdc:dobj-11-bwt0wa92
data_object_set	nmdc:5966e5e32744a14549b19b4c92a606a5	nmdc:dobj-11-0xcwyy90
data_object_set	nmdc:001fd34d98a73eee6be5a41004e67469	nmdc:dobj-11-1xsa8678
data_object_set	jgi:574fde7c7ded5e3df1ee1419	nmdc:dobj-11-tghx5750
data_object_set	nmdc:ccbe419157d8286626330fd0eb0dd0e0	nmdc:dobj-11-nsw13157
read_based_taxonomy_analysis_activity_set	nmdc:db181675b157d27d9b0b2f35b5cbf03e	nmdc:wfrbt-11-x16yf680.1
data_object_set	nmdc:b2122f5a910a1d4ae8a62956d1cd731c	nmdc:dobj-11-6exdpy50
data_object_set	nmdc:c1730daf5e6017219fd9fc079e42c132	nmdc:dobj-11-ww9ttb06
data_object_set	nmdc:dc193d1a1693589003f992c820606bab	nmdc:dobj-11-347j8n70
data_object_set	nmdc:2c8efdb77cbcd1276c4fb386fd37bd6d	nmdc:dobj-11-hp1wrr27
data_object_set	nmdc:ab6c496a5e3ab895fee3812fd992e1e7	nmdc:dobj-11-d4pt0c51
data_object_set	nmdc:8bdf8bbee24242aaaee763c1d851c05e	nmdc:dobj-11-zcrevh42
data_object_set	nmdc:7badcefc26b24213b514cd4c3c9a87d7	nmdc:dobj-11-vzaa0t96
data_object_set	nmdc:e777bc518da4bbe0ab7b2959f00e2b08	nmdc:dobj-11-tzs2d444
data_object_set	nmdc:1c8339d96884c4a408de7804e00490d1	nmdc:dobj-11-nkyssj42
data_object_set	nmdc:b3cefc5a9599a4fb9432132baf7f5565	nmdc:dobj-11-hsxzg287
data_object_set	nmdc:77860ee043ae9738e7702a3f665b15fa	nmdc:dobj-11-05awb194
data_object_set	nmdc:a491f6797bd7294dbc5ba301efb3466e	nmdc:dobj-11-y9m13d28
data_object_set	nmdc:cc855d3c15387d078c6919d1b19f8c05	nmdc:dobj-11-a8031w27
data_object_set	nmdc:c7b24571b61a33018cf118b5424b787f	nmdc:dobj-11-2gkvy093
read_based_taxonomy_analysis_activity_set	nmdc:ad03f306fbd2bb1f6302eedfc1cde9b2	nmdc:wfrbt-11-kmhwmt56.1
nmdc:MetagenomeAssembly	nmdc:158a1d28cb7b14fdffb0f092a644b0f6	nmdc:wfmgas-11-g91txs96.1
data_object_set	nmdc:f43ae7935184d10ba65961171efcac34	nmdc:dobj-11-fgafhx74
read_based_taxonomy_analysis_activity_set	nmdc:b31abf9d7fe53e2f802bb53e2d13542b	nmdc:wfrbt-11-zm7wqf12.1
data_object_set	nmdc:b6de56746a284f8226dd86817c8ae04e	nmdc:dobj-11-vgk2cs29
read_qc_analysis_activity_set	nmdc:8093869c91384d3299431e56019f7de0	nmdc:wfrqc-11-e63t6298.1
data_object_set	nmdc:5c97bc15d4d5999f140664b3b2777c6d	nmdc:dobj-11-j3pqxr93
data_object_set	nmdc:deddd162bf0128fba13b3bc1ca38d1aa	nmdc:dobj-11-d6f3nd83
data_object_set	nmdc:09a2d722810b3d90207bc4cfa626133b	nmdc:dobj-11-txkzmw37
data_object_set	nmdc:164a1bc50e8d6509446ae2877be8231c	nmdc:dobj-11-ndgmc536
data_object_set	nmdc:2791a196017767af3b5b21a3029799c0	nmdc:dobj-11-zk80cs20
data_object_set	nmdc:92ab65cdaca3367552e03d895123e04f	nmdc:dobj-11-vt417v63
data_object_set	nmdc:b5094d52c6d48836de0aac261c622868	nmdc:dobj-11-wkcjh874
data_object_set	nmdc:2b73310c6eef1ece5bb01f235b22fdbd	nmdc:dobj-11-eerafb73
data_object_set	nmdc:d8f255300e5f214baad3c3b4b3c0b51b	nmdc:dobj-11-g24dc123
data_object_set	nmdc:f8486e4ee029038a452a3484db10cabc	nmdc:dobj-11-yxvfbk96
nmdc:MetagenomeAssembly	nmdc:f18f00c9c36689307a6b4188b7b18e32	nmdc:wfmgas-11-whz5yb45.1
data_object_set	nmdc:9e061ad19d4a6a3f209d1992d02df9f9	nmdc:dobj-11-vztsdz80
data_object_set	nmdc:9b45294f72cb55b2f039366d33183fa3	nmdc:dobj-11-c90y1387
data_object_set	nmdc:eaffb16b5247d85c08f8af73bcb8b65e	nmdc:dobj-11-jscy5r36
data_object_set	nmdc:9db20a88fa3d02eb00f64d1671ef8521	nmdc:dobj-11-nmw4qm12
data_object_set	jgi:55f23d820d8785306f964980	nmdc:dobj-11-nngm1e48
data_object_set	nmdc:90b77c7118bf6ec1f99836a50d562a7f	nmdc:dobj-11-e035pk81
data_object_set	nmdc:fcc3a92dd2b6ab6045f4be27da6f2cdd	nmdc:dobj-11-dydzv872
nmdc:MetagenomeAssembly	nmdc:aa214e53dc8472f9ff99b02245d8f943	nmdc:wfmgas-11-1k4swk70.1
data_object_set	nmdc:7e79b2eba131ed6df71a56f47b1b901f	nmdc:dobj-11-5jvr0866
data_object_set	nmdc:3219058371bf2f8081b2dd2b434ec145	nmdc:dobj-11-dve1jw24
data_object_set	nmdc:a7d8f038b87bd28843e30c5dd115704b	nmdc:dobj-11-prztw877
data_object_set	nmdc:77561a0de3bb8aae04d110429fd9ad0c	nmdc:dobj-11-8mg7h503
data_object_set	nmdc:a4243f71a0288f489c566ae85d85891d	nmdc:dobj-11-9n31ys20
data_object_set	nmdc:17454627f873cc37e80700c4751c81d6	nmdc:dobj-11-qyw79x93
data_object_set	nmdc:ab77e396ec643b58b54da92848b88a96	nmdc:dobj-11-hz743054
data_object_set	nmdc:63c857b3011dec61a08044d518291f23	nmdc:dobj-11-9wve9k51
data_object_set	nmdc:b5f7a68a94b356001014d1be024231af	nmdc:dobj-11-74fpms72
data_object_set	nmdc:79815495339053b7935b55dbde02b2ff	nmdc:dobj-11-ggn5py65
data_object_set	nmdc:03eb095e55df50d639fab237d06c14ac	nmdc:dobj-11-4v440n14
data_object_set	nmdc:72a38c353753abcb6d046385bf2950f6	nmdc:dobj-11-cm685104
data_object_set	nmdc:fc8a855916eb1ba0f7d278b7c1f1786f	nmdc:dobj-11-0490z349
data_object_set	nmdc:f52600933fc5a09f7cead5c065d6b100	nmdc:dobj-11-tqek2w55
data_object_set	nmdc:75bca66cfcdd38331c10edbba03fa0d3	nmdc:dobj-11-ye2drm29
data_object_set	nmdc:c5ccd39d97d652d5ec8804202a324b0e	nmdc:dobj-11-c9cbwn03
data_object_set	nmdc:806b27f1fa5a423100b113bb56edc708	nmdc:dobj-11-ktbqzm75
data_object_set	nmdc:26cc1c91f5f5e79d50041ff4623398b5	nmdc:dobj-11-z6x3b006
data_object_set	nmdc:f1543441c59aaaf8ec52036a5bbbe3f4	nmdc:dobj-11-8geenq44
data_object_set	nmdc:611e67df261e050860b1075c6a6a5ff5	nmdc:dobj-11-2ct0q157
data_object_set	nmdc:7d0ccfaeac8981d1300b8c17abed052b	nmdc:dobj-11-bfk20e69
data_object_set	nmdc:7f204d0d1d45e77b39d9c9b2362c6b0b	nmdc:dobj-11-8y8fhx60
data_object_set	nmdc:9c600ec3be94d876f00d22808f3e8a59	nmdc:dobj-11-77bsjw81
data_object_set	nmdc:ef722a8ecd2b85d9202560df41eca7ed	nmdc:dobj-11-1rgpw104
read_based_taxonomy_analysis_activity_set	nmdc:30cd614596fd2a4b87220523f8a6ff30	nmdc:wfrbt-11-q8ga7w35.1
data_object_set	nmdc:e0ce93b88419f87568ff206e0efe3a24	nmdc:dobj-11-50c7cx52
data_object_set	nmdc:6a7de24b01ad1c63ba6edb758e25af40	nmdc:dobj-11-h90fef02
data_object_set	nmdc:f98bae155bced880c058ecde7d539c18	nmdc:dobj-11-gx2mad03
data_object_set	nmdc:84debc9bd1c09328d60f073d7fc2db4f	nmdc:dobj-11-s5ajtx49
data_object_set	nmdc:a7030fa8e9622e3396c2b96448e90c3b	nmdc:dobj-11-qacs4x63
data_object_set	nmdc:e1f164c534830cd628d67c564ace863b	nmdc:dobj-11-5kgbtd19
data_object_set	nmdc:4d4497f63f95f7d2f8986178dab3ae52	nmdc:dobj-11-k9rfmc64
data_object_set	nmdc:7e294ff66cb7ddf84edf9c8bed576bcd	nmdc:dobj-11-d38sj111
read_based_taxonomy_analysis_activity_set	nmdc:ed7745adccd65c2dd20dfa24c2922db2	nmdc:wfrbt-11-7djfh405.1
data_object_set	nmdc:6667be33e7867ca2aabfa5d663e2970a	nmdc:dobj-11-hq0agy32
read_based_taxonomy_analysis_activity_set	nmdc:aa214e53dc8472f9ff99b02245d8f943	nmdc:wfrbt-11-xbcn1y44.1
nmdc:MetagenomeAssembly	nmdc:8093869c91384d3299431e56019f7de0	nmdc:wfmgas-11-31g6xs41.1
data_object_set	nmdc:c065784bed2b2495d512af93d05967de	nmdc:dobj-11-mbq51s87
read_based_taxonomy_analysis_activity_set	nmdc:363fe7a0dd914e046b274fea70625c52	nmdc:wfrbt-11-e895cd75.1
data_object_set	jgi:574fe0a87ded5e3df1ee148e	nmdc:dobj-11-1q7n0c25
data_object_set	nmdc:6a216ec913587e26ddc036b703126d76	nmdc:dobj-11-g9mddg38
data_object_set	nmdc:5dd9bc51105920f3f629e8106235af3b	nmdc:dobj-11-fr33jz36
data_object_set	nmdc:8bb5c66575c7c953719ae9947600ad49	nmdc:dobj-11-26k6t276
data_object_set	nmdc:05d35fc4e391296ff0e716c3fcbbee89	nmdc:dobj-11-ybd1wp97
data_object_set	nmdc:e6e7f40bb1f1e333904f20dc3c317e37	nmdc:dobj-11-5ymzqm71
data_object_set	nmdc:ea27c005b1788434c2198ad60939d4bc	nmdc:dobj-11-tz9b3d13
data_object_set	nmdc:232e31505b6a0251df2303c0563d64c1	nmdc:dobj-11-1ed9x580
data_object_set	jgi:574fde947ded5e3df1ee1429	nmdc:dobj-11-tfynw558
data_object_set	nmdc:05bab80e2ff02d160b8e808f056ee2b5	nmdc:dobj-11-edb29b97
read_qc_analysis_activity_set	nmdc:2d5f97b7f6c0f385d6185e05ac989b1e	nmdc:wfrqc-11-q0d2q928.1
data_object_set	nmdc:f721d9dd168b0dea080b191a4396167e	nmdc:dobj-11-g6f1w471
data_object_set	nmdc:9e5deaa9e7ac3f5f90d79b6520d39d53	nmdc:dobj-11-f4ckyb11
data_object_set	nmdc:02f8e7222e9e6f45c388a189ca66e1f9	nmdc:dobj-11-tcfy3453
data_object_set	nmdc:61b5fe5664ca99f6354c7a5a0222678c	nmdc:dobj-11-w6d1ex43
data_object_set	nmdc:d35583a5ed45df5a58bf084fc67bf988	nmdc:dobj-11-6119kb56
data_object_set	nmdc:604ed99b7c622082ddf174bb11d2787f	nmdc:dobj-11-yewqsw81
data_object_set	nmdc:87b172ead58a37be8d199c0acfc96759	nmdc:dobj-11-by4kyb57
data_object_set	nmdc:dbbd6ca6777b71d1fac4aae2cd947deb	nmdc:dobj-11-nw1ebg88
data_object_set	nmdc:a34dbcbdebae0861e41c09e7b9a5d9f0	nmdc:dobj-11-8v9aph49
data_object_set	nmdc:15d4494dad1e12523aa9afb56b1e7cdb	nmdc:dobj-11-8zdgwh03
data_object_set	nmdc:4aa159b1ee973c6e3e309ef60d351018	nmdc:dobj-11-qbn8tz03
read_qc_analysis_activity_set	nmdc:668844f5ea6cefdcb893db0bb6afc92a	nmdc:wfrqc-11-r7naak68.1
read_based_taxonomy_analysis_activity_set	nmdc:36fa8157feb62e7d176b99031e5e41a9	nmdc:wfrbt-11-h5171e56.1
data_object_set	nmdc:b8fd31679921f8b68c80917e14caa260	nmdc:dobj-11-amjyv787
data_object_set	nmdc:a8fc683bb9b3aba316cb605c5fb591ec	nmdc:dobj-11-jrkh6k32
data_object_set	nmdc:f63856a84bc9afb8954ccdb1803d5fde	nmdc:dobj-11-qxyvv479
data_object_set	nmdc:8106808f8e245ef9a46a4e31561eba7f	nmdc:dobj-11-r7wfb276
data_object_set	jgi:55a9cb010d87852b21508920	nmdc:dobj-11-9rzv9h82
data_object_set	nmdc:0d07551972f3230ec2ef4a0e04929b97	nmdc:dobj-11-2w6h4090
data_object_set	nmdc:50b9a4c83b2ec0d1dd683cb8814ed5ad	nmdc:dobj-11-s0j1cx13
data_object_set	nmdc:ca137bf5e2df6541425f22b5d1fec492	nmdc:dobj-11-yhyy6c97
nmdc:MetagenomeAssembly	nmdc:3a0bb3c0ec1ec60e0487cb98f7f19a90	nmdc:wfmgas-11-6n1bqt10.1
read_qc_analysis_activity_set	nmdc:20efb77f7b08a72b0c887c059686b7cf	nmdc:wfrqc-11-zp16jx65.1
data_object_set	nmdc:ce3f31985e0a99f97bd4751bc2469bcb	nmdc:dobj-11-frbqdt51
data_object_set	nmdc:6e1e28773094884d35c04072309e285a	nmdc:dobj-11-fnvf3c66
data_object_set	nmdc:c8c5056ee57126695073137d0c1d3d04	nmdc:dobj-11-8tqwsf50
data_object_set	nmdc:80fe705d97ef4a0701b1320e9ba19a82	nmdc:dobj-11-fzh40v13
data_object_set	nmdc:e2281ea2c0342c7243ac6a3179948547	nmdc:dobj-11-dwpqjr87
data_object_set	nmdc:19eb52a96c1dedc9036ec9a0aaeda079	nmdc:dobj-11-a8agj890
data_object_set	nmdc:a24edc9ffd773c30cea8ea709988307a	nmdc:dobj-11-ebpank98
data_object_set	nmdc:6e660d5a062f9c3ad7b49d8d438453d7	nmdc:dobj-11-fpped277
data_object_set	nmdc:42be49edad69619e550ddd69d150490f	nmdc:dobj-11-exkc0a70
data_object_set	nmdc:98bc1e8aa3703e255a930f6c6f923453	nmdc:dobj-11-hx1z0d06
data_object_set	jgi:574fde7b7ded5e3df1ee1418	nmdc:dobj-11-artf2351
data_object_set	nmdc:2fe3e02d47d8e1d66ccb15c0e42bf1e0	nmdc:dobj-11-nk43e984
nmdc:MetagenomeAssembly	nmdc:65af38817454a315aeb8c67ab27e1469	nmdc:wfmgas-11-nwzgm471.1
data_object_set	nmdc:ccf7f447a25ebf354ce44b3f1f90f223	nmdc:dobj-11-7ra02x66
data_object_set	jgi:574fe0967ded5e3df1ee1482	nmdc:dobj-11-bnheeh48
data_object_set	nmdc:679a82699663e88a5e8828ee081fa967	nmdc:dobj-11-3pkr7h15
read_based_taxonomy_analysis_activity_set	nmdc:0ef6e04f4cefbcd9e2d3d2a7717baa3e	nmdc:wfrbt-11-k08t1y29.1
data_object_set	nmdc:8eec0e9c14abb418b906504d1675ecc5	nmdc:dobj-11-mamm7e74
data_object_set	nmdc:3e0598df41941463bac0fdec5df29f55	nmdc:dobj-11-k0jgd545
data_object_set	nmdc:f3f4f75f19c92af6e98d2b45cccaacd5	nmdc:dobj-11-syn9rn24
read_qc_analysis_activity_set	nmdc:3a0bb3c0ec1ec60e0487cb98f7f19a90	nmdc:wfrqc-11-ssb32393.1
data_object_set	nmdc:c5460716df8c1d47e081837c8cc5d281	nmdc:dobj-11-yhzw1y28
data_object_set	nmdc:ddba84cd45462d3a55df4ac62bb4eeb8	nmdc:dobj-11-yexk5f26
data_object_set	nmdc:86ae054ba9def1126579c8f76db8a07a	nmdc:dobj-11-n08n0843
data_object_set	nmdc:da27801a4e0ab450485f5a3aeb75a7d6	nmdc:dobj-11-dc4nn384
read_based_taxonomy_analysis_activity_set	nmdc:168441535388b19bbdee0928b42e5b20	nmdc:wfrbt-11-dx4fgg27.1
data_object_set	nmdc:873f16e03e0f94c9ec28573fb10ad6d8	nmdc:dobj-11-9s195d10
data_object_set	nmdc:2be07eb38d408077a55ecb48e123f7f8	nmdc:dobj-11-f0mhd273
data_object_set	nmdc:f8b6ef830b94c6470056a3cd0a0eafc1	nmdc:dobj-11-jt95eq38
data_object_set	nmdc:7b35237c97a75f17ba74be0fe96416c9	nmdc:dobj-11-80fx2n77
data_object_set	nmdc:1a7380f5adb59f36c98c840bf28ad4bd	nmdc:dobj-11-8fprg975
data_object_set	nmdc:ed2b2495ca211e17298ca2e212fe3811	nmdc:dobj-11-8atkg927
data_object_set	nmdc:3b3abe337d79d09e9c7ba0a40045ad93	nmdc:dobj-11-y0mpp047
data_object_set	jgi:574fe09f7ded5e3df1ee1489	nmdc:dobj-11-qwe55f26
data_object_set	nmdc:fbc260443529d6e8067efdac3b58a8c1	nmdc:dobj-11-hs4ajp44
data_object_set	nmdc:3266e79813577aae1d4377c62e73332c	nmdc:dobj-11-ysv05w43
data_object_set	nmdc:f7a4bb0be4599b544360617190b45681	nmdc:dobj-11-bfd1x657
data_object_set	nmdc:92cb49efbff5d5977e00dbad1c4d0d9f	nmdc:dobj-11-rpbpzz15
data_object_set	nmdc:bc054294600fa310924f104484effd3e	nmdc:dobj-11-3y15vp42
data_object_set	nmdc:2d99daff632b19ebdea3f3e5784e2fbc	nmdc:dobj-11-mkm5p653
data_object_set	nmdc:975cdb0a18df949be4efb80d1dc4ef0b	nmdc:dobj-11-6ngrba11
data_object_set	nmdc:eea8a4b58ca07019d0050b030be3a3d1	nmdc:dobj-11-h6hh1294
data_object_set	nmdc:e1cbcfa86444a4ff4e992bcb6653d18f	nmdc:dobj-11-t62hyq80
data_object_set	nmdc:31dc958d116d02122509e90b0883954f	nmdc:dobj-11-wt6a1k95
data_object_set	nmdc:bb3e6793c4f036b9756f075d41846964	nmdc:dobj-11-a1bgdp29
data_object_set	nmdc:b4524a34937893768dbd3752068dee0c	nmdc:dobj-11-0qjvr865
data_object_set	nmdc:6a8409b21c45ba9feba873ec269c8ff7	nmdc:dobj-11-v2bs3e27
data_object_set	nmdc:24440b4c5534da30eee650b68eccda84	nmdc:dobj-11-zx76rr90
data_object_set	nmdc:29b75e78b0b7fd8115614d8e9d341d46	nmdc:dobj-11-np0exa81
data_object_set	nmdc:7fc9fd7844b6ce48869a0ad5216da4dc	nmdc:dobj-11-f04jds45
data_object_set	nmdc:6d02084941141ac9a1876c621a50aef0	nmdc:dobj-11-9jtx0j69
data_object_set	nmdc:5bd5f8108ae1d767ea5a79ebde3d83de	nmdc:dobj-11-qr7pzy51
data_object_set	nmdc:ad027e4c3ca67907154c03feeebbd97b	nmdc:dobj-11-yj1pyb30
read_based_taxonomy_analysis_activity_set	nmdc:8e2d8da1d05b292a52a33732a6bc4391	nmdc:wfrbt-11-xfxmn871.1
data_object_set	jgi:574fde6c7ded5e3df1ee140c	nmdc:dobj-11-p8ask087
data_object_set	nmdc:1c63639a894aa686e77e57787fcafbc6	nmdc:dobj-11-wvem1b77
nmdc:MetagenomeAssembly	nmdc:c6d11b07b7b33c0d906ce0d4a58a7ccf	nmdc:wfmgas-11-zf8hp042.1
data_object_set	nmdc:b2ec4f5a3f02869684bdfaf065d75c54	nmdc:dobj-11-8r32xg18
data_object_set	nmdc:ecf498b9aa15f9d000845ffdfa7eb521	nmdc:dobj-11-shnhrk35
data_object_set	nmdc:f36166196caa529e09f3b93e17db3acc	nmdc:dobj-11-56124c09
data_object_set	nmdc:694b83f0b6f599948d4248dd48dd9ba9	nmdc:dobj-11-6q9m7z81
data_object_set	nmdc:d3f604a59babf001839d38a617b62931	nmdc:dobj-11-r8ntcw52
data_object_set	nmdc:fe4bd9f63c32f50676792e3c4adced08	nmdc:dobj-11-1etavy58
data_object_set	nmdc:bc8acb862c8942616ef07302667c334f	nmdc:dobj-11-add69633
data_object_set	nmdc:cec95659bb04ae095f51821ddaa9fa59	nmdc:dobj-11-ph3ydn26
nmdc:MetagenomeAssembly	nmdc:ed7745adccd65c2dd20dfa24c2922db2	nmdc:wfmgas-11-zw4vx404.1
data_object_set	nmdc:7c31728fc2a51c8d202f9f74b1919886	nmdc:dobj-11-wax37h55
data_object_set	nmdc:284ce1b28b8964cb525025d678277dba	nmdc:dobj-11-j4bwc375
data_object_set	nmdc:77db34862804280185d3b1ce961e5338	nmdc:dobj-11-vpz19p58
data_object_set	nmdc:e28c85b50e0b654626e655755165aff5	nmdc:dobj-11-gg792s14
read_qc_analysis_activity_set	nmdc:50eb8825777d1294abac150521e5c2db	nmdc:wfrqc-11-wanhmp69.1
data_object_set	nmdc:5a1240fa0a6bf92c95e852c0352e5839	nmdc:dobj-11-awtaj135
data_object_set	nmdc:6fa8f2d4236fda4f628436ed85094e3b	nmdc:dobj-11-y7wnrq60
data_object_set	nmdc:ff08ea52254e0cc1011c56656505b27b	nmdc:dobj-11-3dgr4x73
data_object_set	nmdc:4299b438a815becc8beed40fcb803e9f	nmdc:dobj-11-qmkn3s47
data_object_set	nmdc:b0a79069110825cfe5525a8fc4f02cb6	nmdc:dobj-11-hjwp7741
data_object_set	nmdc:96f47f6cd2350fb1c7c7b746d2e9d811	nmdc:dobj-11-gzbamh34
data_object_set	nmdc:8e5ad12b7fa8873463088d7bf361f7c5	nmdc:dobj-11-9my89w41
data_object_set	jgi:574fe0b17ded5e3df1ee1494	nmdc:dobj-11-ebc6tj20
data_object_set	nmdc:a3a85f9f946ff34f28dfd4b5f8590f23	nmdc:dobj-11-xnb7s446
data_object_set	nmdc:c4f29a07f3ce03ee2a2d11c90e8b43d6	nmdc:dobj-11-ejv46286
data_object_set	nmdc:f19bf1723f0f0e9f2158b137d2618b08	nmdc:dobj-11-rbc51174
read_qc_analysis_activity_set	nmdc:65af38817454a315aeb8c67ab27e1469	nmdc:wfrqc-11-p4qhya04.1
data_object_set	nmdc:a8433a0b17d7380fc836e4c9f85a7a54	nmdc:dobj-11-yqz0fm38
read_based_taxonomy_analysis_activity_set	nmdc:65af38817454a315aeb8c67ab27e1469	nmdc:wfrbt-11-j7p5zm41.1
data_object_set	nmdc:2781b9269b8e24f49a1a301d44d0e3d5	nmdc:dobj-11-e0dh8e36
data_object_set	nmdc:08e2a96f7aaaff5ff6f747cfe6f49e49	nmdc:dobj-11-n6z6j448
data_object_set	nmdc:9830a711accd3a5ed899a2e616d0f4bf	nmdc:dobj-11-44fzg510
data_object_set	nmdc:7b4f365bbe942a523890abf13d1b6436	nmdc:dobj-11-3dsedv60
data_object_set	nmdc:dd4023a1488bdfc73b12c422b62b274a	nmdc:dobj-11-vz0abp64
data_object_set	nmdc:bd9d5497c4e2e0ea61df1f3f239107f7	nmdc:dobj-11-aq4m1b83
data_object_set	nmdc:9baa708296f62334e099cf61711b5e16	nmdc:dobj-11-56bfdc04
data_object_set	nmdc:d19478a191693d643157a89c69cc02d1	nmdc:dobj-11-5p6t9218
data_object_set	nmdc:f345b3a57c37097a860e38d5e83835b8	nmdc:dobj-11-fx99jk13
data_object_set	nmdc:157f7672690ba8207808cc4386ff10a4	nmdc:dobj-11-zszazt35
data_object_set	nmdc:12b2d6afc355bce76249d750a9fab534	nmdc:dobj-11-609b0s24
data_object_set	nmdc:39ba17263c144761a8bdcc1645c034f5	nmdc:dobj-11-2q2dx637
data_object_set	nmdc:827ad863c875ea14473c9903d192fa73	nmdc:dobj-11-s6y24664
data_object_set	nmdc:1eb44ff780f2aad1053ca336b53d7b98	nmdc:dobj-11-a0ek9561
data_object_set	nmdc:9d61d9f0c31a98f88ad8cde86254148d	nmdc:dobj-11-1rv70d54
data_object_set	nmdc:9a1826f66ee45187d627076d11dc491f	nmdc:dobj-11-8t183670
data_object_set	nmdc:e2939606fc9ff1c0046b333e1740f258	nmdc:dobj-11-jah84234
data_object_set	nmdc:e49f8a26a9cd0420b688c967bbacb4c6	nmdc:dobj-11-87mrj431
read_qc_analysis_activity_set	nmdc:2de70a234a7c626b9f512b8aa3b73717	nmdc:wfrqc-11-q95amf57.1
data_object_set	jgi:574fde697ded5e3df1ee140a	nmdc:dobj-11-rbzxbz42
data_object_set	nmdc:fc32ae27239661670605b59c395dd770	nmdc:dobj-11-9nfdy836
data_object_set	nmdc:c1f4471d943b284720a8becb5a2e32b4	nmdc:dobj-11-8e8fya30
data_object_set	nmdc:ce47d6686edb7b3472102d5883229c45	nmdc:dobj-11-wqzmjx60
data_object_set	nmdc:2f9b1c55d52cc61affbe99f5163b48c8	nmdc:dobj-11-8jcsma96
data_object_set	nmdc:9bd1b25df71c0a6f9ca408ddc045ffed	nmdc:dobj-11-zh3c6t64
data_object_set	nmdc:afd1d03b38bc5deb9c196264bcea8795	nmdc:dobj-11-8eqbbn78
data_object_set	nmdc:78b554dd52492c3d1e401d0c9198b89b	nmdc:dobj-11-27drnn54
read_based_taxonomy_analysis_activity_set	nmdc:a634b0691cf34899d9b09bc4573d4c36	nmdc:wfrbt-11-tqpr5m92.1
data_object_set	nmdc:5b8c1cd8ba47041c20d3e18cb902a854	nmdc:dobj-11-1cd3tp64
data_object_set	nmdc:62d08517e0ba0f991f2d8bbd66061d78	nmdc:dobj-11-b0mf5662
data_object_set	nmdc:d7a49bf0d9797a2b603643a2de896b5c	nmdc:dobj-11-eekqky69
data_object_set	nmdc:8e798fcdd761feff51cab6a9c97ed7ae	nmdc:dobj-11-9d4qkz20
data_object_set	jgi:574fde787ded5e3df1ee1416	nmdc:dobj-11-kacqj658
data_object_set	nmdc:460e7594fcd06678df1b9c5e5075cb4d	nmdc:dobj-11-t04d4a84
read_based_taxonomy_analysis_activity_set	nmdc:676183a611b251dc6b8f0b8ca600181b	nmdc:wfrbt-11-9grt0k92.1
data_object_set	nmdc:99ef009c73c128e561a4b9dcb70d7ff2	nmdc:dobj-11-ka384r91
data_object_set	nmdc:c2cd20a2011592a76397f49dc3acd6b7	nmdc:dobj-11-khwpse68
data_object_set	nmdc:682fd042d6adcd93f75c3eae2cf32241	nmdc:dobj-11-cpc8zm67
data_object_set	nmdc:514172bb91ef3b125ae2d001b47bff0b	nmdc:dobj-11-py5xbp57
data_object_set	nmdc:1f74a43724c4afed5563499d05601e22	nmdc:dobj-11-wm8xsz34
data_object_set	nmdc:8c37ab0b3594cc975348041e4841f6ac	nmdc:dobj-11-276dcj03
nmdc:MetagenomeAssembly	nmdc:c61259a6fe99bc2482a8619c099e6cc2	nmdc:wfmgas-11-9d7sw154.1
data_object_set	nmdc:d389ae4f8a92c21423fc77aa054ba985	nmdc:dobj-11-yye0c991
data_object_set	nmdc:7bf778baef033d36f118f8591256d6ef	nmdc:dobj-11-g6jf2k28
data_object_set	nmdc:f445af1a7774572d156f55a898d26f09	nmdc:dobj-11-s5609p37
data_object_set	nmdc:3b0aee019c772a695bf4cc8f4a390f4e	nmdc:dobj-11-w62kxe85
data_object_set	nmdc:2507e3f107100ce0c72c57191d450818	nmdc:dobj-11-xzjzv541
read_qc_analysis_activity_set	nmdc:8bc23e2bd69c8af5538db3d6192a3b5b	nmdc:wfrqc-11-xqy99e84.1
data_object_set	nmdc:957074ca49765b22348e27b0133d8ba0	nmdc:dobj-11-ggnmsj02
data_object_set	nmdc:c44ba44bc6910c2f3ed3a60a52b4a616	nmdc:dobj-11-d3pcg837
data_object_set	nmdc:794445b3fedfaec8af9b70b167bc6852	nmdc:dobj-11-f9sj8408
data_object_set	nmdc:60d673988c4f4447feb5985e8501e914	nmdc:dobj-11-g4qn9h54
data_object_set	nmdc:05933784d02331b60b2531e2025cd3b7	nmdc:dobj-11-79bg2p50
read_based_taxonomy_analysis_activity_set	nmdc:158a1d28cb7b14fdffb0f092a644b0f6	nmdc:wfrbt-11-st1qzw32.1
data_object_set	nmdc:44b1ad59bd14c3367ac0fa2ca37aa057	nmdc:dobj-11-rkf3w543
data_object_set	nmdc:b623a0d3bdff34fb97530c74bb558aeb	nmdc:dobj-11-2a9ec488
nmdc:MetagenomeAssembly	nmdc:b8fea91a695311b43660f2e7044ad15c	nmdc:wfmgas-11-2j5n0340.1
data_object_set	nmdc:5b6e7cbece9167002b12c3415afa9bb8	nmdc:dobj-11-m5bkge43
data_object_set	nmdc:80abfcc9b09476af4083b2af1760834f	nmdc:dobj-11-eatv4m80
data_object_set	nmdc:2208c88cac6b941799d4492dbf5f0887	nmdc:dobj-11-9n28wg21
read_qc_analysis_activity_set	nmdc:363fe7a0dd914e046b274fea70625c52	nmdc:wfrqc-11-1r1ss939.1
read_qc_analysis_activity_set	nmdc:414c4647eddd8081308d92da2d59815e	nmdc:wfrqc-11-p9jevq88.1
read_based_taxonomy_analysis_activity_set	nmdc:4fa91d90b1bd5f821a7f09edc8426939	nmdc:wfrbt-11-zc3ppc47.1
data_object_set	nmdc:94e422e0bae86c608fba1c3815e08e92	nmdc:dobj-11-wrnbsf39
data_object_set	jgi:55d818010d8785342fcf8278	nmdc:dobj-11-mdrjbj67
read_based_taxonomy_analysis_activity_set	nmdc:b8fea91a695311b43660f2e7044ad15c	nmdc:wfrbt-11-66ms3x76.1
data_object_set	nmdc:fb12da7c2d6d1f9d9c7a1511702758bb	nmdc:dobj-11-wfdhts29
data_object_set	nmdc:58fde3e96dbb28af9133bede850a2653	nmdc:dobj-11-vw450r60
read_qc_analysis_activity_set	nmdc:cb02cfd1451743d94381a247cf0a9d65	nmdc:wfrqc-11-9brx2f98.1
data_object_set	nmdc:4610980cf3558f5a9830797ead97362a	nmdc:dobj-11-ae3pn114
data_object_set	nmdc:7cbd497624d8b60ab2a5e7fdbe4730f2	nmdc:dobj-11-67fxwn62
read_qc_analysis_activity_set	nmdc:b2025bb4a2c7616273d414e4093f63ca	nmdc:wfrqc-11-wqq4da41.1
data_object_set	nmdc:dde2b1748e16380e63476430ee27083a	nmdc:dobj-11-w4yzx022
read_based_taxonomy_analysis_activity_set	nmdc:88c0fc9b5b0bb0cd814448bbfba0da6a	nmdc:wfrbt-11-wvqnx850.1
data_object_set	nmdc:1df4b479c887b43319d89cc80dc35239	nmdc:dobj-11-vzmtmg34
data_object_set	nmdc:18214017d56658a48723c9c998dcba7e	nmdc:dobj-11-pee42t10
data_object_set	nmdc:941f749a92155321c5ce7e5aa32d3b55	nmdc:dobj-11-p63h7156
data_object_set	nmdc:b4cbc81c986c67c1037c8b7280924683	nmdc:dobj-11-0f7ge926
data_object_set	nmdc:933c71bbc2f4a2e84d50f0d3864cf940	nmdc:dobj-11-kf37q448
data_object_set	nmdc:7891adab80c63d98169e3cb7b4331f1e	nmdc:dobj-11-j8c4ty95
data_object_set	nmdc:0772cb4473177c4e0046c7fd9cb65b27	nmdc:dobj-11-z94zg667
data_object_set	nmdc:bc7f6a9435c3a9aaca7ce9efe9d16e41	nmdc:dobj-11-r6d55225
data_object_set	nmdc:f473f4a99336a49105d2722888ae0510	nmdc:dobj-11-9eyfrn21
data_object_set	nmdc:890f9f52d828e1ea8277b52566763069	nmdc:dobj-11-kjytpg83
data_object_set	nmdc:01581429336a43d7dc2f85b8d49d6c6e	nmdc:dobj-11-tf8ayv06
data_object_set	nmdc:8a26d8496a70f4777be0e1237092e44c	nmdc:dobj-11-1gkgne72
read_qc_analysis_activity_set	nmdc:b8fea91a695311b43660f2e7044ad15c	nmdc:wfrqc-11-xy5va003.1
data_object_set	nmdc:df0dfd58dc386f5e0ded0b65b4a88c58	nmdc:dobj-11-vd682n60
read_qc_analysis_activity_set	nmdc:c86126b11f214f19721c56fadf91d87c	nmdc:wfrqc-11-qpsa3p89.1
data_object_set	nmdc:79588f527e08eace069ddc63171f004c	nmdc:dobj-11-bcb58n65
data_object_set	nmdc:1dfaed4da055c5fd4226abe08bd91db9	nmdc:dobj-11-gd1m6y85
data_object_set	nmdc:6aec8677139ed24ef9cfe0c75b30056f	nmdc:dobj-11-jgd37x54
data_object_set	nmdc:fa61e18d49a2012f115d970f0a195986	nmdc:dobj-11-vkbrs529
data_object_set	nmdc:569cb5da239e82dce1b40bfa7e2fd518	nmdc:dobj-11-6jhd0174
data_object_set	nmdc:dbf03e26f7e1529762830161fe1f1906	nmdc:dobj-11-49k43g02
data_object_set	nmdc:b4d0179bcc68b5186a3544d9ee0c6941	nmdc:dobj-11-ky6wg617
data_object_set	nmdc:85547ab860ef9d6877ba7abc8881740a	nmdc:dobj-11-z8kcwr51
nmdc:MetagenomeAssembly	nmdc:9fb85875014e14636fbb93d97d62f4bd	nmdc:wfmgas-11-54bpng66.1
data_object_set	nmdc:e3d7339ba5c7677be13854f391462474	nmdc:dobj-11-b0t1pr95
read_qc_analysis_activity_set	nmdc:36fa8157feb62e7d176b99031e5e41a9	nmdc:wfrqc-11-jh5fyk41.1
data_object_set	nmdc:801b79f5442e5bfaa0d15f76786cfbc0	nmdc:dobj-11-9xxk1932
data_object_set	nmdc:7ccb4ee5a0728322154b29a79d13c842	nmdc:dobj-11-p3vcpw16
data_object_set	nmdc:9855ca52bce074c34dcebfd154fa94ff	nmdc:dobj-11-09emwg51
data_object_set	nmdc:a3255df52cd6150f03bbf7cbd655ec76	nmdc:dobj-11-qq0wqw75
data_object_set	nmdc:a7db57faea894bec6603a69abfdfcf7d	nmdc:dobj-11-cc3s3046
data_object_set	nmdc:c6eb85143a2489921c53f8184d536129	nmdc:dobj-11-j4zexa24
data_object_set	nmdc:a9e6ab6db23ddce02317e3e21ea3f618	nmdc:dobj-11-w2vxf788
data_object_set	nmdc:a43bfb55389206c2fc5ddb53e6aa2bc6	nmdc:dobj-11-fwws2g10
data_object_set	nmdc:d5e45563875efca0653ba2dd47ee3d68	nmdc:dobj-11-6sftwv12
nmdc:MetagenomeAssembly	nmdc:8e2d8da1d05b292a52a33732a6bc4391	nmdc:wfmgas-11-dytts539.1
data_object_set	nmdc:6a46583da876b9d6287302308df0b9fd	nmdc:dobj-11-3ce50z44
data_object_set	nmdc:77351dd18ca40e5552ac1380ba94acbf	nmdc:dobj-11-1kbnap02
data_object_set	nmdc:a6ed9af48a9ad473ab66721829a5c226	nmdc:dobj-11-jza3kd70
data_object_set	jgi:574fde5b7ded5e3df1ee13ff	nmdc:dobj-11-8r3s1d56
data_object_set	nmdc:eccf0501d08f920a88b6598d573a8e3e	nmdc:dobj-11-asd9my46
data_object_set	nmdc:04ad2128f72c26a4fa2d0ee7b1709ee9	nmdc:dobj-11-9snphy12
data_object_set	nmdc:0dd334c92557f3a8ac8c78b437c75eaf	nmdc:dobj-11-bmy5q831
data_object_set	nmdc:f318581f0df6e04b7ae2384f9237da06	nmdc:dobj-11-65k9en48
data_object_set	nmdc:130ee7559789726a2cadccd3126dacad	nmdc:dobj-11-m9wd5f04
data_object_set	nmdc:2f21fd19f055d1931ab82016ed781a12	nmdc:dobj-11-hj1cft57
data_object_set	nmdc:8851d6fed8e5bbee88aeb7af77bbcfe3	nmdc:dobj-11-wxbvna29
data_object_set	nmdc:538fd5695eb3decd48891e72acebb8ce	nmdc:dobj-11-3gpwcz85
data_object_set	nmdc:8891e46c9766f2b84d45fd6e46078a64	nmdc:dobj-11-2sm4ff62
data_object_set	nmdc:f808a89810cdb2a911a5b5388b70ce94	nmdc:dobj-11-gvkzfa62
data_object_set	nmdc:ca10f7bae0565946414188c9121ee338	nmdc:dobj-11-3rky5s48
read_based_taxonomy_analysis_activity_set	nmdc:00a9e34a36f0ea767ff48aa2f411874f	nmdc:wfrbt-11-q1d2dh73.1
data_object_set	nmdc:366bf195f71d2c35a9b47c0f29381e85	nmdc:dobj-11-9v5ah758
data_object_set	nmdc:444562a4e7108077b7e541a5d9064086	nmdc:dobj-11-7w6egd94
data_object_set	nmdc:87b36326bee32ad5642e3ffc2f5ac7db	nmdc:dobj-11-dsngma04
data_object_set	nmdc:ba83d6ab837403f4bcbc9400a0460457	nmdc:dobj-11-hh1zpm29
data_object_set	nmdc:9c2c077dd8f43350b83c1c1ba853bbbc	nmdc:dobj-11-qf8pac09
nmdc:MetagenomeAssembly	nmdc:1a0a2a1b5db9455e9dbbacf102059180	nmdc:wfmgas-11-9s9bqb45.1
read_qc_analysis_activity_set	nmdc:88c0fc9b5b0bb0cd814448bbfba0da6a	nmdc:wfrqc-11-b49sv920.1
data_object_set	nmdc:848fc10ed4365047cb139a4b40303808	nmdc:dobj-11-pmr0hh65
data_object_set	nmdc:94ee1bc2dc74830a21d5c3471d6cf223	nmdc:dobj-11-b6qn1322
data_object_set	nmdc:fc3e489df923ec344ac0cce7316f49d6	nmdc:dobj-11-627wb413
data_object_set	nmdc:8bd9eb762acabbac5d079c379c28e381	nmdc:dobj-11-zjmg4q32
data_object_set	nmdc:2f36b41c419efa1b1dfb6a9576b965ee	nmdc:dobj-11-w569fn61
data_object_set	nmdc:9253645582296696cb33b11754832574	nmdc:dobj-11-06t05v57
data_object_set	nmdc:7d4057e3a44a05171c13fb0ed3e2294a	nmdc:dobj-11-ef2dmb35
read_based_taxonomy_analysis_activity_set	nmdc:c61259a6fe99bc2482a8619c099e6cc2	nmdc:wfrbt-11-b2565013.1
data_object_set	nmdc:a0377bb7d752e66b754753fcefb5005a	nmdc:dobj-11-95vdjq42
data_object_set	nmdc:06d4964c0822abd6f94ca883c122f7ce	nmdc:dobj-11-f3pf0735
read_based_taxonomy_analysis_activity_set	nmdc:c88a6f4e80cd6159dbbdeaeffbc28f55	nmdc:wfrbt-11-86rrf468.1
data_object_set	jgi:574fde8a7ded5e3df1ee1422	nmdc:dobj-11-g4rm7d86
read_qc_analysis_activity_set	nmdc:158a1d28cb7b14fdffb0f092a644b0f6	nmdc:wfrqc-11-wenwv228.1
data_object_set	nmdc:e557facdf4c3066ba4b5ba168995ba85	nmdc:dobj-11-s25kcs57
data_object_set	nmdc:98da35678c59689ce738b2a6bc708692	nmdc:dobj-11-ttgvck14
data_object_set	nmdc:f4f810491708ff25956cddd005cc9944	nmdc:dobj-11-r2h47v14
data_object_set	nmdc:a51c7b3a70601a885594936fd6c753bc	nmdc:dobj-11-p0ff0b32
data_object_set	nmdc:8d02adf1319d5b95c2abc6ed5b5c1683	nmdc:dobj-11-zc3jpy59
data_object_set	nmdc:f8bc16e232f7ba0f6d6b5ca35a708c36	nmdc:dobj-11-574ev014
data_object_set	nmdc:99b2c3c91b299b9426cca9dfb10b0cea	nmdc:dobj-11-0v1ncc23
read_based_taxonomy_analysis_activity_set	nmdc:50eb8825777d1294abac150521e5c2db	nmdc:wfrbt-11-3mx4d784.1
data_object_set	nmdc:50cfcfc5d0d89245b8370abf6bfef23c	nmdc:dobj-11-bahz1925
data_object_set	nmdc:7fa3aba8b1e31ccc00cf56f04f5605ac	nmdc:dobj-11-60ep0r67
data_object_set	nmdc:b8dde2c047141d9097317c86f723eded	nmdc:dobj-11-9h6rm764
data_object_set	nmdc:0b3ff6503723d6ea9b84552f68ed4270	nmdc:dobj-11-tm22e856
nmdc:MetagenomeAssembly	nmdc:414c4647eddd8081308d92da2d59815e	nmdc:wfmgas-11-17wxy411.1
data_object_set	nmdc:d47144fd7ec0608e7677550d9589c889	nmdc:dobj-11-a0qjd631
data_object_set	nmdc:4825177c6d0a8b67db82e6070cfbc35f	nmdc:dobj-11-ktef0k50
read_qc_analysis_activity_set	nmdc:ecaab4b51de694b35269756fd7e31ed9	nmdc:wfrqc-11-2ae4kn91.1
data_object_set	nmdc:0944f2c0dd70a751117fb10d9a41fddc	nmdc:dobj-11-jp4dfy76
read_qc_analysis_activity_set	nmdc:676183a611b251dc6b8f0b8ca600181b	nmdc:wfrqc-11-0j9hmn82.1
data_object_set	nmdc:2d8cca230f439e38f1e628666e40e013	nmdc:dobj-11-jmq4cz68
data_object_set	nmdc:e111cd4927f6736e5de6f6e81e7e6d72	nmdc:dobj-11-fwbzg510
data_object_set	nmdc:bc8e157195d042d7207d67b4982fea96	nmdc:dobj-11-h3q4m954
data_object_set	nmdc:1fcd489b3ae86a76bf297cc19b50392d	nmdc:dobj-11-6ej79408
data_object_set	nmdc:0b301d2dd917c2be31422dd0e986dd5e	nmdc:dobj-11-h84ptj75
data_object_set	nmdc:1f9a75569aedc406a3db8ff779b03c19	nmdc:dobj-11-vk24wh34
nmdc:MetagenomeAssembly	nmdc:b82754c2c692809f9e59ff9824278c32	nmdc:wfmgas-11-ha933023.1
data_object_set	jgi:55d817fe0d8785342fcf8276	nmdc:dobj-11-wf73ga68
data_object_set	nmdc:b68178eebde030fad0850797adbb2624	nmdc:dobj-11-fys1xt11
data_object_set	nmdc:ebed7286f886596764a66a0d1dac3e43	nmdc:dobj-11-pdj4y350
data_object_set	nmdc:05cc05eefdcb0d7bac19031619244a4b	nmdc:dobj-11-avy87197
data_object_set	nmdc:5d07358bbc48f25e157ffc91ea7ae3e0	nmdc:dobj-11-3yjgc102
nmdc:MetagenomeAssembly	nmdc:db181675b157d27d9b0b2f35b5cbf03e	nmdc:wfmgas-11-atfx3v89.1
read_qc_analysis_activity_set	nmdc:0aec70779dcdcc1b577d7e372c0eca87	nmdc:wfrqc-11-vrqq4s86.1
data_object_set	jgi:574fde667ded5e3df1ee1407	nmdc:dobj-11-a33fb272
data_object_set	nmdc:308ae373809697291bbc7947a1e4ed2d	nmdc:dobj-11-qt4x0d97
data_object_set	nmdc:04b9014981f7035c39bd7f870613ed93	nmdc:dobj-11-zt8km197
data_object_set	jgi:55d740240d8785342fcf7e37	nmdc:dobj-11-73a75758
data_object_set	nmdc:3abfaa434ee1449cbbb69985e48488b4	nmdc:dobj-11-c7290z56
data_object_set	nmdc:92cc678ca9e54cb92118b9ae746fb996	nmdc:dobj-11-skrzgf31
read_based_taxonomy_analysis_activity_set	nmdc:9fb85875014e14636fbb93d97d62f4bd	nmdc:wfrbt-11-c23czj75.1
data_object_set	nmdc:8e21ac30de17de0d1051d7d223d0aa0f	nmdc:dobj-11-jdj0c374
data_object_set	nmdc:ed95796b3fd964c6bedb141d70737ebf	nmdc:dobj-11-4vqkch89
data_object_set	nmdc:c3d0f03afb44520ef5f2ea14e6daf705	nmdc:dobj-11-hx0qrd11
data_object_set	nmdc:fee22437c76dc343846f41e1be538b9d	nmdc:dobj-11-eff5qw45
nmdc:MetagenomeAssembly	nmdc:74b40db9b9eef8519a02f49fe6034be5	nmdc:wfmgas-11-crw4rc08.1
data_object_set	nmdc:933de420870147e58137b328e0d54d87	nmdc:dobj-11-2vphdq39
data_object_set	nmdc:f44a5d59785cdededea0fe4a6a429c30	nmdc:dobj-11-yx41kd81
data_object_set	nmdc:4a6ffadb01b62dd73278429808c1a39a	nmdc:dobj-11-pmrfck49
data_object_set	nmdc:50093825ec73dcabe66aa353de766beb	nmdc:dobj-11-en4zj254
data_object_set	nmdc:81108175d5ef2ca158f516bfc75d3cd9	nmdc:dobj-11-5bm5rp61
data_object_set	nmdc:0634e8261ce976d167457993d7f7a4ec	nmdc:dobj-11-4pggh440
data_object_set	nmdc:765541c2865f6047d5e2e8e7299908e4	nmdc:dobj-11-z4s5qt18
data_object_set	nmdc:af619dc5a0423509a4beaca26aa61000	nmdc:dobj-11-fq2p5009
data_object_set	nmdc:040e6ca695283a12711c16344acd1e76	nmdc:dobj-11-cr9wp269
data_object_set	nmdc:56ba2416c050decd6c16c618c1e4a752	nmdc:dobj-11-8xz81k43
data_object_set	nmdc:09302fbc8e30758a95fac09ee5cfd449	nmdc:dobj-11-ncx6ph88
data_object_set	nmdc:0dfd55be1779ae7922d80aa22034c9a1	nmdc:dobj-11-nnq2xv33
data_object_set	nmdc:0efb0ad19234056d7e2e3726dead3622	nmdc:dobj-11-nra64d04
data_object_set	nmdc:f189624af50d8d62908f8ddd5f3451ad	nmdc:dobj-11-czsamz45
data_object_set	nmdc:d530342b37f0785f92650e9650f31d6a	nmdc:dobj-11-j9kcjn51
data_object_set	nmdc:769bd168524b84f2d10dfdb2a42a909d	nmdc:dobj-11-10yxhy57
data_object_set	nmdc:5d9826a5f5164cfe20bfc1343144c96f	nmdc:dobj-11-gghdw783
data_object_set	nmdc:7ee0b0b21444ee06752e6b9c32f476af	nmdc:dobj-11-y0wp4d34
data_object_set	nmdc:368cf81424348cdf46d17c13908280e7	nmdc:dobj-11-6n4e2519
read_qc_analysis_activity_set	nmdc:80cd0785782060a937ca17d1b417b0b6	nmdc:wfrqc-11-1mhmvd29.1
data_object_set	nmdc:b9b6464ecc746a4cc39b549696c5fe9c	nmdc:dobj-11-j0c4mc93
data_object_set	nmdc:224085164a389c6f207967ed03b3e6af	nmdc:dobj-11-qgkf8x17
data_object_set	nmdc:7f6b353300583c60d2d668880b4134cd	nmdc:dobj-11-xa6h3769
data_object_set	nmdc:45617f93e5f072fbad25a0308ead6c3d	nmdc:dobj-11-mtjzgw94
read_qc_analysis_activity_set	nmdc:74b40db9b9eef8519a02f49fe6034be5	nmdc:wfrqc-11-n5chjs08.1
data_object_set	nmdc:f36c2b28e63d21ca4d9e84035450c8e1	nmdc:dobj-11-0q5ptv21
data_object_set	nmdc:4121f2ec52b80b7feb9d9a4749080125	nmdc:dobj-11-htfaat18
data_object_set	nmdc:52f8c91d04e8d179af98e7fac35a8ff1	nmdc:dobj-11-g35ggx75
data_object_set	nmdc:e4f5675c728fd1896682eb669656b5d6	nmdc:dobj-11-p6wtmh10
data_object_set	nmdc:2225f9d41343590d818186fa2d66852d	nmdc:dobj-11-t9spqt54
nmdc:MetagenomeAssembly	nmdc:ecaab4b51de694b35269756fd7e31ed9	nmdc:wfmgas-11-s6rksd90.1
data_object_set	nmdc:2e293158750df042be7422826125bef2	nmdc:dobj-11-09b1yf62
data_object_set	nmdc:3ece2c377622cebdddfb9322047cb115	nmdc:dobj-11-h4cvf685
data_object_set	nmdc:f8fad4cf225943d8fddec3fa3402c53a	nmdc:dobj-11-h5p6qf13
data_object_set	nmdc:b78e8246144185beb95c0caf65ef1f1a	nmdc:dobj-11-19f9eg36
data_object_set	nmdc:1a4c5ace6c1b54e057d282031e8bc2c6	nmdc:dobj-11-dngpxq65
data_object_set	jgi:55d817f20d8785342fcf826c	nmdc:dobj-11-4jv4h140
data_object_set	jgi:574fde807ded5e3df1ee141b	nmdc:dobj-11-3etjg987
data_object_set	nmdc:7082b41c627571a03466f94ba80c15b8	nmdc:dobj-11-zf349t41
data_object_set	nmdc:37dd1d73ad47979ee5284830d27df535	nmdc:dobj-11-z40j2g63
data_object_set	nmdc:26cd6390e8362da2ee1d7691360d2dfb	nmdc:dobj-11-svw9ce77
data_object_set	nmdc:6044f2e33e0dd3e951484e9c50ae10f4	nmdc:dobj-11-j44e5q55
data_object_set	nmdc:9a3dfedede65ba1253a84264492e909c	nmdc:dobj-11-v5xjc481
data_object_set	nmdc:69371e513bebd1069a0ed26cc2c914cb	nmdc:dobj-11-cs9vke77
data_object_set	nmdc:f8740b1fadbc29aef50d32706c955199	nmdc:dobj-11-ky5sb365
data_object_set	jgi:55d817f30d8785342fcf826d	nmdc:dobj-11-mj34xe74
nmdc:MetagenomeAssembly	nmdc:7ae51c3485db8a27225f08083565b28e	nmdc:wfmgas-11-zxrt2p80.1
data_object_set	nmdc:121b1c25e803f2a010ae5a2206a8d1d2	nmdc:dobj-11-n3qg7w04
data_object_set	nmdc:d8e09db1617046117fbb15631cf4977f	nmdc:dobj-11-941abc41
read_qc_analysis_activity_set	nmdc:4cfac32b9cd7a8dd01d49117e1078a79	nmdc:wfrqc-11-gr3dtx85.1
data_object_set	nmdc:a3e49f39f33c54bc8d9430a947cd4b16	nmdc:dobj-11-0kvtkw41
data_object_set	nmdc:ce3f002a824efde4a7134e6cd2e6306b	nmdc:dobj-11-jgy5pq02
data_object_set	nmdc:0380e478962be82e0d97a6339f7f3b91	nmdc:dobj-11-63s59m84
data_object_set	nmdc:a012dc3a7b44774019c313fd8ee88efc	nmdc:dobj-11-072kh220
data_object_set	nmdc:95a2de8be672fd50bf542215194dc4d4	nmdc:dobj-11-0y0we953
data_object_set	nmdc:bab24ab64ad432d115f182df7198d46e	nmdc:dobj-11-vz3hyd11
read_based_taxonomy_analysis_activity_set	nmdc:ecaab4b51de694b35269756fd7e31ed9	nmdc:wfrbt-11-6tn3x828.1
data_object_set	nmdc:2fddd33160498548fa73e95dfc304d1a	nmdc:dobj-11-decpqr63
data_object_set	nmdc:275268a6b5aca33c427d11877bcfa674	nmdc:dobj-11-hh4d1915
data_object_set	jgi:55d740280d8785342fcf7e39	nmdc:dobj-11-hwqz9775
data_object_set	jgi:574fe0b47ded5e3df1ee1496	nmdc:dobj-11-esavhx96
data_object_set	nmdc:b8be7144441cbd6fbe4a8193f9e055ab	nmdc:dobj-11-s5qajr17
data_object_set	nmdc:6748020214a3d68ad588e3548107208e	nmdc:dobj-11-cnmx3a27
data_object_set	nmdc:f1026db242cad285204c9c3d6307c183	nmdc:dobj-11-0c8vsm76
data_object_set	nmdc:6465fe59472b111ead1f0414ccf39f62	nmdc:dobj-11-d95epx85
data_object_set	nmdc:272e3daee292c6e284026ee95b72d290	nmdc:dobj-11-yrtz8p50
data_object_set	nmdc:639d9630c859c9b2f6f7a2eff1e1a863	nmdc:dobj-11-cbr7b339
data_object_set	nmdc:3d1b5043e0c49ac6062aeba4ebbba910	nmdc:dobj-11-3b0dqc30
data_object_set	nmdc:81fc62d01a53a7ab5037829a158f0b64	nmdc:dobj-11-tppwje75
data_object_set	nmdc:c955eae73afbfe1ad4c4eb2eac51f3f3	nmdc:dobj-11-k8z5jt96
data_object_set	nmdc:8b88e19f3d4f22c8bb71f66e7aec6dba	nmdc:dobj-11-qk19ag04
data_object_set	nmdc:5f308ea3cb43a331cda55ac9f91c6a53	nmdc:dobj-11-jzxfsh19
data_object_set	nmdc:327e130872e4c5faac2f1c9f8dea2316	nmdc:dobj-11-smwmc306
data_object_set	nmdc:80470769e7531b46c709d12c65487ffe	nmdc:dobj-11-yryx5h20
data_object_set	nmdc:1b665fb0fbbf40a13122100c927b398b	nmdc:dobj-11-ch4qrq92
data_object_set	nmdc:a9bbb74833404a2bf3bbd05e83a7a0ed	nmdc:dobj-11-bzdfgw41
data_object_set	nmdc:05952c056a6db782ba77c6369206838a	nmdc:dobj-11-34n2b186
data_object_set	jgi:55d7402c0d8785342fcf7e3e	nmdc:dobj-11-jrfr7292
data_object_set	nmdc:ddec46781153da60da815c65871f5413	nmdc:dobj-11-6nve9798
data_object_set	nmdc:694374188ba4372344536fa26a2282b8	nmdc:dobj-11-nj71ae84
data_object_set	jgi:574fde5e7ded5e3df1ee1401	nmdc:dobj-11-kch1ep21
data_object_set	nmdc:9cd3b2939adabd809741ae6a84260266	nmdc:dobj-11-radvcp22
data_object_set	nmdc:4c1aae1a46e51359f9146e48fff0e7f0	nmdc:dobj-11-gr70e833
data_object_set	nmdc:4e9ec619c5611cb0166ea127496fadeb	nmdc:dobj-11-6v7hrr37
read_based_taxonomy_analysis_activity_set	nmdc:d6415e0c3e4f9b8702c1ae98c6fb2f48	nmdc:wfrbt-11-vm3mrf02.1
data_object_set	nmdc:c3add9c5d34e3ca719096ba3ba9b1c08	nmdc:dobj-11-xpdtnr98
read_based_taxonomy_analysis_activity_set	nmdc:f18f00c9c36689307a6b4188b7b18e32	nmdc:wfrbt-11-tkh8da02.1
read_based_taxonomy_analysis_activity_set	nmdc:954288cfef2de46d4b895fac3811a7d0	nmdc:wfrbt-11-p638gx81.1
data_object_set	nmdc:af7a38646011c9e6d0ad2b1ebd7f47c9	nmdc:dobj-11-swadyn85
nmdc:MetagenomeAssembly	nmdc:c86126b11f214f19721c56fadf91d87c	nmdc:wfmgas-11-d4y0yc69.1
data_object_set	nmdc:18f0d53f503c855c0093677df58366e0	nmdc:dobj-11-4wze8x12
data_object_set	nmdc:ed6c4f17d6ae759487164ca8ed5edf45	nmdc:dobj-11-mmrzj418
data_object_set	nmdc:ed4ced0ccbe3f6b34c35bd842e882cad	nmdc:dobj-11-awghsz24
data_object_set	nmdc:e461b2e81a22514fcd691caeaa7b0ca1	nmdc:dobj-11-mk6r1s21
data_object_set	nmdc:445f37bc3019e9fe3b29a2ac5bcbfc9c	nmdc:dobj-11-43wxgj45
data_object_set	nmdc:be29ebcd7358653afec7381f9ca43431	nmdc:dobj-11-jaskkv79
read_qc_analysis_activity_set	nmdc:c6d11b07b7b33c0d906ce0d4a58a7ccf	nmdc:wfrqc-11-9ez4qv92.1
data_object_set	nmdc:fef871a81032dd1f3e57dc1c7d5aa3db	nmdc:dobj-11-5py8t567
data_object_set	jgi:574fde6e7ded5e3df1ee140d	nmdc:dobj-11-w3q9zg76
data_object_set	nmdc:be4cab04a701bce0ed99605109bd5d6f	nmdc:dobj-11-33tcj704
data_object_set	nmdc:d9572e708af9f0a06e98cfddfb298359	nmdc:dobj-11-jdj20a08
data_object_set	nmdc:0a50f88775f36e9238152f3319252853	nmdc:dobj-11-x65yzh16
data_object_set	nmdc:2529ede10eb159148711d016ec022af3	nmdc:dobj-11-hvapyc79
data_object_set	nmdc:b280141d234edf10cde8794539700654	nmdc:dobj-11-7e33xb45
read_based_taxonomy_analysis_activity_set	nmdc:2d5f97b7f6c0f385d6185e05ac989b1e	nmdc:wfrbt-11-7t9aec68.1
data_object_set	nmdc:c6d0d4cea985ca6fb50a060e15b4a856	nmdc:dobj-11-1e962823
data_object_set	nmdc:f2514844e47a9e3d268671f80f152bc1	nmdc:dobj-11-288zma22
data_object_set	nmdc:eda0c04d692ecf137585676c15924626	nmdc:dobj-11-0p9r5y95
nmdc:MetagenomeAssembly	nmdc:e05db57d44a39f083df9a1803551b79b	nmdc:wfmgas-11-s7nvzw30.1
data_object_set	nmdc:838162ead3f121f5bc02bc1234a32a55	nmdc:dobj-11-b14bhp83
read_based_taxonomy_analysis_activity_set	nmdc:668844f5ea6cefdcb893db0bb6afc92a	nmdc:wfrbt-11-t7bzpx97.1
data_object_set	nmdc:6b5bc6ce7f11c1336a5f85a98fc18541	nmdc:dobj-11-xtff2w42
data_object_set	nmdc:a2a0029691c04851f4a98003a773fe3f	nmdc:dobj-11-6ze9z166
data_object_set	nmdc:ea5ca9478871b3e2600e1df0d748cbef	nmdc:dobj-11-g6ef8942
data_object_set	jgi:55d7402b0d8785342fcf7e3c	nmdc:dobj-11-h7ehhg82
data_object_set	nmdc:568b82cb6038fec5df04c30cbd874098	nmdc:dobj-11-8zrxp379
data_object_set	nmdc:358559c32b69eff51758db66ac01021b	nmdc:dobj-11-gbh9c535
read_qc_analysis_activity_set	nmdc:b31abf9d7fe53e2f802bb53e2d13542b	nmdc:wfrqc-11-efvwg148.1
data_object_set	nmdc:dee5fa37f57a24685b65e00380d6e433	nmdc:dobj-11-e5yrsr08
data_object_set	nmdc:f0e1b9004b0e9aafb06c444444a522c7	nmdc:dobj-11-rma83f54
data_object_set	nmdc:a187658f262fa495de43707aabcbf480	nmdc:dobj-11-r9c6g160
data_object_set	nmdc:366ab38bb6de9591f31a086d42ac23d6	nmdc:dobj-11-b274xr09
data_object_set	nmdc:813232a3034ddb9a05efc2f2e9b78cce	nmdc:dobj-11-2ydar713
data_object_set	nmdc:50fc279637cb7048aaaeec9b223d0286	nmdc:dobj-11-bwkgqp88
data_object_set	nmdc:e8fa9ae5e04a2969d220d81f1fb752f2	nmdc:dobj-11-nrz5jk35
data_object_set	nmdc:b5fe0189dbf00662d78cc55b8b0cc803	nmdc:dobj-11-hdqf6433
data_object_set	nmdc:d39369f32ada967d7cf52cb503fccf4a	nmdc:dobj-11-v9h7tw18
read_based_taxonomy_analysis_activity_set	nmdc:10c6e87f449fdc27c6b8bfbc9e25d6a3	nmdc:wfrbt-11-mjdr7x23.1
data_object_set	nmdc:67adb9cc2c75251f556a90b1a959ea72	nmdc:dobj-11-n1kmm049
data_object_set	nmdc:ed8059f366d60112deb41a0c307bc6fc	nmdc:dobj-11-rry8e536
data_object_set	nmdc:e77a1d052b0d2a99e0a1df3b3c038f7c	nmdc:dobj-11-m1bx7w93
data_object_set	nmdc:82f072d1931154fbc722531d3d0dc41c	nmdc:dobj-11-bvt2xw24
data_object_set	nmdc:8a749340eefc40901a22a0ef603bc803	nmdc:dobj-11-asd0my49
data_object_set	nmdc:ab80fc324c9206a41a66d64227a97179	nmdc:dobj-11-wgy00e04
data_object_set	nmdc:356d9ca409747590849dd894998166ee	nmdc:dobj-11-w9npm119
data_object_set	nmdc:b66266969ab3df4c1cb2b16c1fa7d098	nmdc:dobj-11-ryfn6x36
data_object_set	nmdc:6eef104db92b99c9741b26c667d75cd9	nmdc:dobj-11-sz0cmq25
data_object_set	nmdc:dd5cad9348fc41cb18ac989185fed0b5	nmdc:dobj-11-jrvgtn58
data_object_set	nmdc:e9946f36795474182b7759d3d7532b57	nmdc:dobj-11-gnn9tr28
read_based_taxonomy_analysis_activity_set	nmdc:e05db57d44a39f083df9a1803551b79b	nmdc:wfrbt-11-57hcaq81.1
read_qc_analysis_activity_set	nmdc:9fb85875014e14636fbb93d97d62f4bd	nmdc:wfrqc-11-2tx8ge80.1
read_qc_analysis_activity_set	nmdc:c88a6f4e80cd6159dbbdeaeffbc28f55	nmdc:wfrqc-11-jcdaqb32.1
data_object_set	nmdc:54e3a71218d04224719e0dc8a7fdf9c7	nmdc:dobj-11-vcb95058
data_object_set	nmdc:1a625b148d8f6d9fe9aeab6cfb67df6c	nmdc:dobj-11-a2tkf015
data_object_set	nmdc:43bffbfb830c6e3ccc140ec0dff1e773	nmdc:dobj-11-er7ynh88
data_object_set	nmdc:a42312841b816448d8bd5d3adfa65f58	nmdc:dobj-11-nzzcf284
data_object_set	nmdc:0db98173ae3395106e24d250b2655f06	nmdc:dobj-11-6bndr443
data_object_set	nmdc:f21e374c1c31c02bd0e41228cc7895c3	nmdc:dobj-11-mb3qgy68
data_object_set	nmdc:d6e996af3275c4cdd3e51376517e2b6b	nmdc:dobj-11-ajke3m87
data_object_set	jgi:55f23d790d8785306f96497e	nmdc:dobj-11-0v56x491
data_object_set	nmdc:088fd18cb9169097e739289d2e5ebb13	nmdc:dobj-11-vmyeme06
data_object_set	jgi:574fde837ded5e3df1ee141d	nmdc:dobj-11-yepggp27
data_object_set	nmdc:6233a266773aa722d6a3c2556b0c1cb5	nmdc:dobj-11-8xxmsg61
data_object_set	nmdc:f2ef7ceaaedf4d6bf377ce82687b06e3	nmdc:dobj-11-qykm8c73
data_object_set	nmdc:6ccb798d615b67dfb9c64ff32d6586c4	nmdc:dobj-11-5xr0h046
data_object_set	nmdc:dfc90170aa038c2425702be223cb2f23	nmdc:dobj-11-w0pj7a67
read_qc_analysis_activity_set	nmdc:30cd614596fd2a4b87220523f8a6ff30	nmdc:wfrqc-11-s88kw105.1
data_object_set	nmdc:ccd5ba8558a92751c59989aa81054e1a	nmdc:dobj-11-r357w516
data_object_set	nmdc:07499ad2f2b80f42bd7109732b1eef90	nmdc:dobj-11-erbbxn80
data_object_set	nmdc:9704e757dc537a7f06c6f83fc633cf64	nmdc:dobj-11-fz6j6g03
data_object_set	nmdc:0a079e34648ce23b0837dff31e2be5df	nmdc:dobj-11-4q43kh85
data_object_set	nmdc:84e3efb84d961d189ece310911ccf475	nmdc:dobj-11-dgf07b90
read_based_taxonomy_analysis_activity_set	nmdc:2de70a234a7c626b9f512b8aa3b73717	nmdc:wfrbt-11-qyht6482.1
data_object_set	nmdc:5e64b9ccf92f0c974c51bd8393dea50c	nmdc:dobj-11-2efvhe52
read_based_taxonomy_analysis_activity_set	nmdc:3a0bb3c0ec1ec60e0487cb98f7f19a90	nmdc:wfrbt-11-b8wsgr45.1
data_object_set	nmdc:9268e073dacb7f7cd5f9513393cb0b2a	nmdc:dobj-11-tjfbx830
data_object_set	nmdc:d9ea063be9ab8ea102c1e2ec2fa9f177	nmdc:dobj-11-vr8khf64
data_object_set	jgi:55d817fa0d8785342fcf8272	nmdc:dobj-11-hnytc346
data_object_set	nmdc:9163caaba1f60d1af9a551559069ca08	nmdc:dobj-11-60mqwp69
nmdc:MetagenomeAssembly	nmdc:50eb8825777d1294abac150521e5c2db	nmdc:wfmgas-11-eqsagf51.1
data_object_set	nmdc:ef39b44a90c8525e93f45e500b3ae934	nmdc:dobj-11-qpz6q080
data_object_set	nmdc:aaa9a8a3d8e147116953394a8755742d	nmdc:dobj-11-w0dw4e80
data_object_set	nmdc:054c3097c9682bc9a6e07f88fdecc0ee	nmdc:dobj-11-0d48hj08
data_object_set	nmdc:ac39e916e17e08a845bb40d97519d8be	nmdc:dobj-11-8eqt6x44
data_object_set	nmdc:f2a43278b06876cae5d4e8cdef17cfe1	nmdc:dobj-11-e38jtc59
data_object_set	nmdc:7bf922ee2f9fc298c031e2ff7d5abe0d	nmdc:dobj-11-twzq9s57
nmdc:MetagenomeAssembly	nmdc:2d5f97b7f6c0f385d6185e05ac989b1e	nmdc:wfmgas-11-yzbpks89.1
data_object_set	nmdc:e11dfa7178e8c426c7c930b57aa40377	nmdc:dobj-11-36902n45
data_object_set	nmdc:9e129133978cb4c4cc4bae9fc28a8a49	nmdc:dobj-11-jrhy2y12
data_object_set	nmdc:53ee263960c39126e039656a121deb96	nmdc:dobj-11-81j02714
data_object_set	nmdc:c30cb5928ad608e7c8fe1ce77d81933a	nmdc:dobj-11-tfrdjz69
nmdc:MetagenomeAssembly	nmdc:0ef6e04f4cefbcd9e2d3d2a7717baa3e	nmdc:wfmgas-11-94ye3h63.1
data_object_set	nmdc:ac889627d813c8e34cfbf79a4264c590	nmdc:dobj-11-afnxm515
data_object_set	nmdc:f147264a5a4a7eec4d68f05ab52ecc1d	nmdc:dobj-11-ke2tm823
data_object_set	nmdc:e185734176505343bf4c83c16a0a9fe2	nmdc:dobj-11-qx8tce75
data_object_set	nmdc:b0f2449065b52935ddba8abd6ae6bc88	nmdc:dobj-11-dakgdq23
data_object_set	nmdc:432fedddcbacb4e69c0350354ab44080	nmdc:dobj-11-2ytf3z06
data_object_set	nmdc:8677985c5e8ad92dd6d051f85950a636	nmdc:dobj-11-xx43m955
data_object_set	jgi:574fde587ded5e3df1ee13fd	nmdc:dobj-11-ymvftt58
data_object_set	nmdc:464a9db7a94e7e0646b1ff8b501d82f3	nmdc:dobj-11-j43zm823
data_object_set	nmdc:64459bec7843953a70f8ea2b09a7e9de	nmdc:dobj-11-xpkn9710
data_object_set	nmdc:0aaac507db0e29827e1c87df47324932	nmdc:dobj-11-9szjkw44
data_object_set	nmdc:4a6ed00a6c2156c142d7bbec6baa36b5	nmdc:dobj-11-9e8qk117
data_object_set	nmdc:b5091cfeed4fbea8316e50fbceea89bc	nmdc:dobj-11-6nm1bn40
data_object_set	nmdc:1917dcbbe1efcc2a57c511648a7f332e	nmdc:dobj-11-a53c1z37
data_object_set	nmdc:ef490241b537bb4c19bd5548cd7b7f6b	nmdc:dobj-11-ey2fxb32
data_object_set	nmdc:5a9326e2e450663a5ed8c97389136b25	nmdc:dobj-11-mnd9t565
read_based_taxonomy_analysis_activity_set	nmdc:80cd0785782060a937ca17d1b417b0b6	nmdc:wfrbt-11-62f2p024.1
data_object_set	nmdc:62a817ebcbfaf2c8feb1abedc35a736f	nmdc:dobj-11-dz4y2796
data_object_set	nmdc:9b2f355a4c2ff3651a3d1179212e2914	nmdc:dobj-11-rtshc322
data_object_set	nmdc:93d5419c0b31e0696ab8ffef477945fb	nmdc:dobj-11-hnpbev34
data_object_set	nmdc:52f130d084757d6e27177ed108e9e5bf	nmdc:dobj-11-5gs1mn15
data_object_set	nmdc:63fb5949ebafd1846ba60f2ce033191c	nmdc:dobj-11-8s4ngx28
data_object_set	nmdc:371b7fabbcbc2d22c3ca84b422a88863	nmdc:dobj-11-5fch0n17
