collection_name	id	_id	update
study_set	gold:Gs0110138	649b009ec7d5d8b487299256	{'id': 'nmdc:sty-11-33fbta56'}
biosample_set	gold:Gb0139005	649b003843aa17f57484383b	{'id': 'nmdc:bsm-11-gqeb4213', 'part_of': ['nmdc:sty-11-33fbta56'], 'gold_biosample_identifiers': ['gold:Gb0139005']}
biosample_set	gold:Gb0139004	649b003843aa17f57484383c	{'id': 'nmdc:bsm-11-4wps6157', 'part_of': ['nmdc:sty-11-33fbta56'], 'gold_biosample_identifiers': ['gold:Gb0139004']}
biosample_set	gold:Gb0139007	649b003843aa17f57484383d	{'id': 'nmdc:bsm-11-3z5azv98', 'part_of': ['nmdc:sty-11-33fbta56'], 'gold_biosample_identifiers': ['gold:Gb0139007']}
biosample_set	gold:Gb0139006	649b003843aa17f57484383e	{'id': 'nmdc:bsm-11-et3h1906', 'part_of': ['nmdc:sty-11-33fbta56'], 'gold_biosample_identifiers': ['gold:Gb0139006']}
biosample_set	gold:Gb0139008	649b003843aa17f57484383f	{'id': 'nmdc:bsm-11-7xvq8947', 'part_of': ['nmdc:sty-11-33fbta56'], 'gold_biosample_identifiers': ['gold:Gb0139008']}
biosample_set	gold:Gb0139009	649b003843aa17f574843840	{'id': 'nmdc:bsm-11-a9e9r288', 'part_of': ['nmdc:sty-11-33fbta56'], 'gold_biosample_identifiers': ['gold:Gb0139009']}
biosample_set	gold:Gb0139011	649b003843aa17f574843841	{'id': 'nmdc:bsm-11-nsyppy90', 'part_of': ['nmdc:sty-11-33fbta56'], 'gold_biosample_identifiers': ['gold:Gb0139011']}
biosample_set	gold:Gb0139010	649b003843aa17f574843842	{'id': 'nmdc:bsm-11-stm8dm02', 'part_of': ['nmdc:sty-11-33fbta56'], 'gold_biosample_identifiers': ['gold:Gb0139010']}
biosample_set	gold:Gb0139014	649b003843aa17f574843843	{'id': 'nmdc:bsm-11-12jj9s95', 'part_of': ['nmdc:sty-11-33fbta56'], 'gold_biosample_identifiers': ['gold:Gb0139014']}
biosample_set	gold:Gb0139012	649b003843aa17f574843844	{'id': 'nmdc:bsm-11-nw14ze85', 'part_of': ['nmdc:sty-11-33fbta56'], 'gold_biosample_identifiers': ['gold:Gb0139012']}
biosample_set	gold:Gb0139013	649b003843aa17f574843845	{'id': 'nmdc:bsm-11-v2tp7496', 'part_of': ['nmdc:sty-11-33fbta56'], 'gold_biosample_identifiers': ['gold:Gb0139013']}
biosample_set	gold:Gb0139016	649b003843aa17f574843846	{'id': 'nmdc:bsm-11-gj8ry518', 'part_of': ['nmdc:sty-11-33fbta56'], 'gold_biosample_identifiers': ['gold:Gb0139016']}
biosample_set	gold:Gb0139015	649b003843aa17f574843847	{'id': 'nmdc:bsm-11-vq0gz292', 'part_of': ['nmdc:sty-11-33fbta56'], 'gold_biosample_identifiers': ['gold:Gb0139015']}
biosample_set	gold:Gb0139018	649b003843aa17f574843848	{'id': 'nmdc:bsm-11-2z2xa792', 'part_of': ['nmdc:sty-11-33fbta56'], 'gold_biosample_identifiers': ['gold:Gb0139018']}
biosample_set	gold:Gb0139017	649b003843aa17f574843849	{'id': 'nmdc:bsm-11-nfhxdf22', 'part_of': ['nmdc:sty-11-33fbta56'], 'gold_biosample_identifiers': ['gold:Gb0139017']}
biosample_set	gold:Gb0139019	649b003843aa17f57484384a	{'id': 'nmdc:bsm-11-d42p4r72', 'part_of': ['nmdc:sty-11-33fbta56'], 'gold_biosample_identifiers': ['gold:Gb0139019']}
biosample_set	gold:Gb0139020	649b003843aa17f57484384b	{'id': 'nmdc:bsm-11-ynsmc932', 'part_of': ['nmdc:sty-11-33fbta56'], 'gold_biosample_identifiers': ['gold:Gb0139020']}
biosample_set	gold:Gb0139021	649b003843aa17f57484384c	{'id': 'nmdc:bsm-11-acnp8s64', 'part_of': ['nmdc:sty-11-33fbta56'], 'gold_biosample_identifiers': ['gold:Gb0139021']}
biosample_set	gold:Gb0139022	649b003843aa17f57484384d	{'id': 'nmdc:bsm-11-fa8k6w97', 'part_of': ['nmdc:sty-11-33fbta56'], 'gold_biosample_identifiers': ['gold:Gb0139022']}
biosample_set	gold:Gb0139024	649b003843aa17f57484384e	{'id': 'nmdc:bsm-11-dwwwmj09', 'part_of': ['nmdc:sty-11-33fbta56'], 'gold_biosample_identifiers': ['gold:Gb0139024']}
biosample_set	gold:Gb0139023	649b003843aa17f57484384f	{'id': 'nmdc:bsm-11-da6q4y97', 'part_of': ['nmdc:sty-11-33fbta56'], 'gold_biosample_identifiers': ['gold:Gb0139023']}
biosample_set	gold:Gb0139025	649b003843aa17f574843850	{'id': 'nmdc:bsm-11-0q37bk24', 'part_of': ['nmdc:sty-11-33fbta56'], 'gold_biosample_identifiers': ['gold:Gb0139025']}
biosample_set	gold:Gb0139026	649b003843aa17f574843851	{'id': 'nmdc:bsm-11-13bz8x05', 'part_of': ['nmdc:sty-11-33fbta56'], 'gold_biosample_identifiers': ['gold:Gb0139026']}
biosample_set	gold:Gb0139027	649b003843aa17f574843852	{'id': 'nmdc:bsm-11-zyvw5648', 'part_of': ['nmdc:sty-11-33fbta56'], 'gold_biosample_identifiers': ['gold:Gb0139027']}
biosample_set	gold:Gb0139028	649b003843aa17f574843853	{'id': 'nmdc:bsm-11-nq8mh608', 'part_of': ['nmdc:sty-11-33fbta56'], 'gold_biosample_identifiers': ['gold:Gb0139028']}
biosample_set	gold:Gb0139029	649b003843aa17f574843854	{'id': 'nmdc:bsm-11-606p0z02', 'part_of': ['nmdc:sty-11-33fbta56'], 'gold_biosample_identifiers': ['gold:Gb0139029']}
biosample_set	gold:Gb0139030	649b003843aa17f574843855	{'id': 'nmdc:bsm-11-e9mk6n02', 'part_of': ['nmdc:sty-11-33fbta56'], 'gold_biosample_identifiers': ['gold:Gb0139030']}
biosample_set	gold:Gb0139031	649b003843aa17f574843856	{'id': 'nmdc:bsm-11-c8gsy362', 'part_of': ['nmdc:sty-11-33fbta56'], 'gold_biosample_identifiers': ['gold:Gb0139031']}
biosample_set	gold:Gb0139032	649b003843aa17f574843857	{'id': 'nmdc:bsm-11-wmxeqw16', 'part_of': ['nmdc:sty-11-33fbta56'], 'gold_biosample_identifiers': ['gold:Gb0139032']}
biosample_set	gold:Gb0139033	649b003843aa17f574843858	{'id': 'nmdc:bsm-11-d5xker68', 'part_of': ['nmdc:sty-11-33fbta56'], 'gold_biosample_identifiers': ['gold:Gb0139033']}
biosample_set	gold:Gb0139034	649b003843aa17f574843859	{'id': 'nmdc:bsm-11-vpm3zd62', 'part_of': ['nmdc:sty-11-33fbta56'], 'gold_biosample_identifiers': ['gold:Gb0139034']}
biosample_set	gold:Gb0139035	649b003843aa17f57484385a	{'id': 'nmdc:bsm-11-y83yh594', 'part_of': ['nmdc:sty-11-33fbta56'], 'gold_biosample_identifiers': ['gold:Gb0139035']}
biosample_set	gold:Gb0139036	649b003843aa17f57484385b	{'id': 'nmdc:bsm-11-cj96xx78', 'part_of': ['nmdc:sty-11-33fbta56'], 'gold_biosample_identifiers': ['gold:Gb0139036']}
biosample_set	gold:Gb0139038	649b003843aa17f57484385c	{'id': 'nmdc:bsm-11-0pp23957', 'part_of': ['nmdc:sty-11-33fbta56'], 'gold_biosample_identifiers': ['gold:Gb0139038']}
biosample_set	gold:Gb0139037	649b003843aa17f57484385d	{'id': 'nmdc:bsm-11-ygbscp69', 'part_of': ['nmdc:sty-11-33fbta56'], 'gold_biosample_identifiers': ['gold:Gb0139037']}
biosample_set	gold:Gb0139039	649b003843aa17f57484385e	{'id': 'nmdc:bsm-11-zdyw1w58', 'part_of': ['nmdc:sty-11-33fbta56'], 'gold_biosample_identifiers': ['gold:Gb0139039']}
biosample_set	gold:Gb0139040	649b003843aa17f57484385f	{'id': 'nmdc:bsm-11-kb47bt96', 'part_of': ['nmdc:sty-11-33fbta56'], 'gold_biosample_identifiers': ['gold:Gb0139040']}
biosample_set	gold:Gb0139041	649b003843aa17f574843860	{'id': 'nmdc:bsm-11-j4vedn50', 'part_of': ['nmdc:sty-11-33fbta56'], 'gold_biosample_identifiers': ['gold:Gb0139041']}
biosample_set	gold:Gb0153609	649b003843aa17f57484386a	{'id': 'nmdc:bsm-11-vsdpnd34', 'part_of': ['nmdc:sty-11-33fbta56'], 'gold_biosample_identifiers': ['gold:Gb0153609']}
biosample_set	gold:Gb0153611	649b003843aa17f57484386c	{'id': 'nmdc:bsm-11-8fkknw89', 'part_of': ['nmdc:sty-11-33fbta56'], 'gold_biosample_identifiers': ['gold:Gb0153611']}
biosample_set	gold:Gb0153617	649b003843aa17f57484386d	{'id': 'nmdc:bsm-11-m1wb6130', 'part_of': ['nmdc:sty-11-33fbta56'], 'gold_biosample_identifiers': ['gold:Gb0153617']}
biosample_set	gold:Gb0153612	649b003843aa17f57484386e	{'id': 'nmdc:bsm-11-fq885467', 'part_of': ['nmdc:sty-11-33fbta56'], 'gold_biosample_identifiers': ['gold:Gb0153612']}
biosample_set	gold:Gb0153619	649b003843aa17f574843870	{'id': 'nmdc:bsm-11-ecf86e26', 'part_of': ['nmdc:sty-11-33fbta56'], 'gold_biosample_identifiers': ['gold:Gb0153619']}
biosample_set	gold:Gb0153614	649b003843aa17f574843871	{'id': 'nmdc:bsm-11-ndvthq94', 'part_of': ['nmdc:sty-11-33fbta56'], 'gold_biosample_identifiers': ['gold:Gb0153614']}
biosample_set	gold:Gb0153618	649b003843aa17f574843872	{'id': 'nmdc:bsm-11-j1k5zq75', 'part_of': ['nmdc:sty-11-33fbta56'], 'gold_biosample_identifiers': ['gold:Gb0153618']}
biosample_set	gold:Gb0153626	649b003843aa17f574843873	{'id': 'nmdc:bsm-11-2czs6j89', 'part_of': ['nmdc:sty-11-33fbta56'], 'gold_biosample_identifiers': ['gold:Gb0153626']}
biosample_set	gold:Gb0153622	649b003843aa17f574843874	{'id': 'nmdc:bsm-11-n04acj39', 'part_of': ['nmdc:sty-11-33fbta56'], 'gold_biosample_identifiers': ['gold:Gb0153622']}
biosample_set	gold:Gb0153621	649b003843aa17f574843875	{'id': 'nmdc:bsm-11-j128vz98', 'part_of': ['nmdc:sty-11-33fbta56'], 'gold_biosample_identifiers': ['gold:Gb0153621']}
biosample_set	gold:Gb0153620	649b003843aa17f574843876	{'id': 'nmdc:bsm-11-0rg6f155', 'part_of': ['nmdc:sty-11-33fbta56'], 'gold_biosample_identifiers': ['gold:Gb0153620']}
biosample_set	gold:Gb0153627	649b003843aa17f574843877	{'id': 'nmdc:bsm-11-gt5q4k97', 'part_of': ['nmdc:sty-11-33fbta56'], 'gold_biosample_identifiers': ['gold:Gb0153627']}
biosample_set	gold:Gb0153628	649b003843aa17f574843878	{'id': 'nmdc:bsm-11-wrenvm65', 'part_of': ['nmdc:sty-11-33fbta56'], 'gold_biosample_identifiers': ['gold:Gb0153628']}
biosample_set	gold:Gb0153613	649b003843aa17f574843879	{'id': 'nmdc:bsm-11-afq2xz63', 'part_of': ['nmdc:sty-11-33fbta56'], 'gold_biosample_identifiers': ['gold:Gb0153613']}
biosample_set	gold:Gb0153615	649b003843aa17f57484387a	{'id': 'nmdc:bsm-11-w8y4gb10', 'part_of': ['nmdc:sty-11-33fbta56'], 'gold_biosample_identifiers': ['gold:Gb0153615']}
biosample_set	gold:Gb0153629	649b003843aa17f57484387b	{'id': 'nmdc:bsm-11-t3anw082', 'part_of': ['nmdc:sty-11-33fbta56'], 'gold_biosample_identifiers': ['gold:Gb0153629']}
biosample_set	gold:Gb0153616	649b003843aa17f57484387c	{'id': 'nmdc:bsm-11-hmzpke61', 'part_of': ['nmdc:sty-11-33fbta56'], 'gold_biosample_identifiers': ['gold:Gb0153616']}
biosample_set	gold:Gb0153610	649b003843aa17f57484387d	{'id': 'nmdc:bsm-11-1kcvgy36', 'part_of': ['nmdc:sty-11-33fbta56'], 'gold_biosample_identifiers': ['gold:Gb0153610']}
biosample_set	gold:Gb0153632	649b003843aa17f57484387e	{'id': 'nmdc:bsm-11-k6pdd460', 'part_of': ['nmdc:sty-11-33fbta56'], 'gold_biosample_identifiers': ['gold:Gb0153632']}
biosample_set	gold:Gb0153631	649b003843aa17f57484387f	{'id': 'nmdc:bsm-11-2v0v7786', 'part_of': ['nmdc:sty-11-33fbta56'], 'gold_biosample_identifiers': ['gold:Gb0153631']}
biosample_set	gold:Gb0153630	649b003843aa17f574843880	{'id': 'nmdc:bsm-11-qp2bsa04', 'part_of': ['nmdc:sty-11-33fbta56'], 'gold_biosample_identifiers': ['gold:Gb0153630']}
biosample_set	gold:Gb0153637	649b003843aa17f574843881	{'id': 'nmdc:bsm-11-gq52v917', 'part_of': ['nmdc:sty-11-33fbta56'], 'gold_biosample_identifiers': ['gold:Gb0153637']}
biosample_set	gold:Gb0153623	649b003843aa17f574843882	{'id': 'nmdc:bsm-11-xmr02q74', 'part_of': ['nmdc:sty-11-33fbta56'], 'gold_biosample_identifiers': ['gold:Gb0153623']}
biosample_set	gold:Gb0153641	649b003843aa17f574843883	{'id': 'nmdc:bsm-11-bsd7af23', 'part_of': ['nmdc:sty-11-33fbta56'], 'gold_biosample_identifiers': ['gold:Gb0153641']}
biosample_set	gold:Gb0153638	649b003843aa17f574843884	{'id': 'nmdc:bsm-11-tajg5a78', 'part_of': ['nmdc:sty-11-33fbta56'], 'gold_biosample_identifiers': ['gold:Gb0153638']}
biosample_set	gold:Gb0153633	649b003843aa17f574843885	{'id': 'nmdc:bsm-11-j9z0eh32', 'part_of': ['nmdc:sty-11-33fbta56'], 'gold_biosample_identifiers': ['gold:Gb0153633']}
biosample_set	gold:Gb0153640	649b003843aa17f574843886	{'id': 'nmdc:bsm-11-mms4g770', 'part_of': ['nmdc:sty-11-33fbta56'], 'gold_biosample_identifiers': ['gold:Gb0153640']}
biosample_set	gold:Gb0153624	649b003843aa17f574843887	{'id': 'nmdc:bsm-11-8p42wk98', 'part_of': ['nmdc:sty-11-33fbta56'], 'gold_biosample_identifiers': ['gold:Gb0153624']}
biosample_set	gold:Gb0153625	649b003843aa17f574843888	{'id': 'nmdc:bsm-11-rfjns768', 'part_of': ['nmdc:sty-11-33fbta56'], 'gold_biosample_identifiers': ['gold:Gb0153625']}
biosample_set	gold:Gb0153635	649b003843aa17f574843889	{'id': 'nmdc:bsm-11-2hwhy435', 'part_of': ['nmdc:sty-11-33fbta56'], 'gold_biosample_identifiers': ['gold:Gb0153635']}
biosample_set	gold:Gb0153634	649b003843aa17f57484388a	{'id': 'nmdc:bsm-11-7cmnhs66', 'part_of': ['nmdc:sty-11-33fbta56'], 'gold_biosample_identifiers': ['gold:Gb0153634']}
biosample_set	gold:Gb0153639	649b003843aa17f57484388b	{'id': 'nmdc:bsm-11-q6evbs35', 'part_of': ['nmdc:sty-11-33fbta56'], 'gold_biosample_identifiers': ['gold:Gb0153639']}
biosample_set	gold:Gb0153642	649b003843aa17f57484388c	{'id': 'nmdc:bsm-11-5z0djj47', 'part_of': ['nmdc:sty-11-33fbta56'], 'gold_biosample_identifiers': ['gold:Gb0153642']}
biosample_set	gold:Gb0153636	649b003843aa17f57484388d	{'id': 'nmdc:bsm-11-czzxgq27', 'part_of': ['nmdc:sty-11-33fbta56'], 'gold_biosample_identifiers': ['gold:Gb0153636']}
biosample_set	gold:Gb0153643	649b003843aa17f57484388e	{'id': 'nmdc:bsm-11-p59jn932', 'part_of': ['nmdc:sty-11-33fbta56'], 'gold_biosample_identifiers': ['gold:Gb0153643']}
biosample_set	gold:Gb0153646	649b003843aa17f57484388f	{'id': 'nmdc:bsm-11-a5s95q90', 'part_of': ['nmdc:sty-11-33fbta56'], 'gold_biosample_identifiers': ['gold:Gb0153646']}
biosample_set	gold:Gb0153644	649b003843aa17f574843890	{'id': 'nmdc:bsm-11-7c6pga65', 'part_of': ['nmdc:sty-11-33fbta56'], 'gold_biosample_identifiers': ['gold:Gb0153644']}
biosample_set	gold:Gb0153647	649b003843aa17f574843891	{'id': 'nmdc:bsm-11-4nkzp814', 'part_of': ['nmdc:sty-11-33fbta56'], 'gold_biosample_identifiers': ['gold:Gb0153647']}
biosample_set	gold:Gb0153651	649b003843aa17f574843892	{'id': 'nmdc:bsm-11-qtw9ap57', 'part_of': ['nmdc:sty-11-33fbta56'], 'gold_biosample_identifiers': ['gold:Gb0153651']}
biosample_set	gold:Gb0153648	649b003843aa17f574843893	{'id': 'nmdc:bsm-11-abmr4745', 'part_of': ['nmdc:sty-11-33fbta56'], 'gold_biosample_identifiers': ['gold:Gb0153648']}
biosample_set	gold:Gb0153650	649b003843aa17f574843894	{'id': 'nmdc:bsm-11-6nve0m50', 'part_of': ['nmdc:sty-11-33fbta56'], 'gold_biosample_identifiers': ['gold:Gb0153650']}
biosample_set	gold:Gb0153649	649b003843aa17f574843895	{'id': 'nmdc:bsm-11-wqkf2a69', 'part_of': ['nmdc:sty-11-33fbta56'], 'gold_biosample_identifiers': ['gold:Gb0153649']}
biosample_set	gold:Gb0153652	649b003843aa17f574843896	{'id': 'nmdc:bsm-11-36gpge95', 'part_of': ['nmdc:sty-11-33fbta56'], 'gold_biosample_identifiers': ['gold:Gb0153652']}
biosample_set	gold:Gb0153653	649b003843aa17f57484389d	{'id': 'nmdc:bsm-11-kjg1sw46', 'part_of': ['nmdc:sty-11-33fbta56'], 'gold_biosample_identifiers': ['gold:Gb0153653']}
biosample_set	gold:Gb0153645	649b003843aa17f5748438a4	{'id': 'nmdc:bsm-11-r7wqc727', 'part_of': ['nmdc:sty-11-33fbta56'], 'gold_biosample_identifiers': ['gold:Gb0153645']}
biosample_set	emsl:2f7107d6-5dd1-11ec-bf63-0242ac130002	649b003843aa17f574843950	{'id': 'nmdc:bsm-11-1bdhrc73', 'part_of': ['nmdc:sty-11-33fbta56'], 'emsl_biosample_identifiers': ['emsl:2f7107d6-5dd1-11ec-bf63-0242ac130002']}
biosample_set	emsl:2f710d8a-5dd1-11ec-bf63-0242ac130002	649b003843aa17f574843951	{'id': 'nmdc:bsm-11-ha15sh14', 'part_of': ['nmdc:sty-11-33fbta56'], 'emsl_biosample_identifiers': ['emsl:2f710d8a-5dd1-11ec-bf63-0242ac130002']}
biosample_set	emsl:2f710cae-5dd1-11ec-bf63-0242ac130002	649b003843aa17f574843952	{'id': 'nmdc:bsm-11-9wrvr280', 'part_of': ['nmdc:sty-11-33fbta56'], 'emsl_biosample_identifiers': ['emsl:2f710cae-5dd1-11ec-bf63-0242ac130002']}
biosample_set	emsl:2f7109ac-5dd1-11ec-bf63-0242ac130002	649b003843aa17f574843953	{'id': 'nmdc:bsm-11-e579zg62', 'part_of': ['nmdc:sty-11-33fbta56'], 'emsl_biosample_identifiers': ['emsl:2f7109ac-5dd1-11ec-bf63-0242ac130002']}
biosample_set	emsl:2f7116fe-5dd1-11ec-bf63-0242ac130002	649b003843aa17f574843954	{'id': 'nmdc:bsm-11-cvpz8q57', 'part_of': ['nmdc:sty-11-33fbta56'], 'emsl_biosample_identifiers': ['emsl:2f7116fe-5dd1-11ec-bf63-0242ac130002']}
biosample_set	emsl:2f711028-5dd1-11ec-bf63-0242ac130002	649b003843aa17f574843955	{'id': 'nmdc:bsm-11-g6k7ys30', 'part_of': ['nmdc:sty-11-33fbta56'], 'emsl_biosample_identifiers': ['emsl:2f711028-5dd1-11ec-bf63-0242ac130002']}
biosample_set	emsl:2f710a92-5dd1-11ec-bf63-0242ac130002	649b003843aa17f574843956	{'id': 'nmdc:bsm-11-ryp68605', 'part_of': ['nmdc:sty-11-33fbta56'], 'emsl_biosample_identifiers': ['emsl:2f710a92-5dd1-11ec-bf63-0242ac130002']}
biosample_set	emsl:2f7118c0-5dd1-11ec-bf63-0242ac130002	649b003843aa17f574843957	{'id': 'nmdc:bsm-11-zh7z9581', 'part_of': ['nmdc:sty-11-33fbta56'], 'emsl_biosample_identifiers': ['emsl:2f7118c0-5dd1-11ec-bf63-0242ac130002']}
biosample_set	emsl:2f711514-5dd1-11ec-bf63-0242ac130002	649b003843aa17f574843958	{'id': 'nmdc:bsm-11-w13x5x92', 'part_of': ['nmdc:sty-11-33fbta56'], 'emsl_biosample_identifiers': ['emsl:2f711514-5dd1-11ec-bf63-0242ac130002']}
biosample_set	emsl:2f7105c4-5dd1-11ec-bf63-0242ac130002	649b003843aa17f574843959	{'id': 'nmdc:bsm-11-eayha430', 'part_of': ['nmdc:sty-11-33fbta56'], 'emsl_biosample_identifiers': ['emsl:2f7105c4-5dd1-11ec-bf63-0242ac130002']}
biosample_set	emsl:2f7108d0-5dd1-11ec-bf63-0242ac130002	649b003843aa17f57484395a	{'id': 'nmdc:bsm-11-cfs2fg20', 'part_of': ['nmdc:sty-11-33fbta56'], 'emsl_biosample_identifiers': ['emsl:2f7108d0-5dd1-11ec-bf63-0242ac130002']}
biosample_set	emsl:2f710f4c-5dd1-11ec-bf63-0242ac130002	649b003843aa17f57484395b	{'id': 'nmdc:bsm-11-bnqzvd68', 'part_of': ['nmdc:sty-11-33fbta56'], 'emsl_biosample_identifiers': ['emsl:2f710f4c-5dd1-11ec-bf63-0242ac130002']}
biosample_set	emsl:2f711992-5dd1-11ec-bf63-0242ac130002	649b003843aa17f57484395c	{'id': 'nmdc:bsm-11-tnjzn988', 'part_of': ['nmdc:sty-11-33fbta56'], 'emsl_biosample_identifiers': ['emsl:2f711992-5dd1-11ec-bf63-0242ac130002']}
biosample_set	emsl:2f7117ee-5dd1-11ec-bf63-0242ac130002	649b003843aa17f57484395d	{'id': 'nmdc:bsm-11-n6mgrq14', 'part_of': ['nmdc:sty-11-33fbta56'], 'emsl_biosample_identifiers': ['emsl:2f7117ee-5dd1-11ec-bf63-0242ac130002']}
biosample_set	emsl:2f711bfe-5dd1-11ec-bf63-0242ac130002	649b003843aa17f57484395e	{'id': 'nmdc:bsm-11-544r4x84', 'part_of': ['nmdc:sty-11-33fbta56'], 'emsl_biosample_identifiers': ['emsl:2f711bfe-5dd1-11ec-bf63-0242ac130002']}
biosample_set	emsl:2f71038a-5dd1-11ec-bf63-0242ac130002	649b003843aa17f574843961	{'id': 'nmdc:bsm-11-2zz0fn14', 'part_of': ['nmdc:sty-11-33fbta56'], 'emsl_biosample_identifiers': ['emsl:2f71038a-5dd1-11ec-bf63-0242ac130002']}
biosample_set	emsl:2f710e70-5dd1-11ec-bf63-0242ac130002	649b003843aa17f574843964	{'id': 'nmdc:bsm-11-yvn1wx26', 'part_of': ['nmdc:sty-11-33fbta56'], 'emsl_biosample_identifiers': ['emsl:2f710e70-5dd1-11ec-bf63-0242ac130002']}
omics_processing_set	gold:Gp0138728	649b009773e824995934a068	{'id': 'nmdc:omprc-11-16084n96', 'has_input': ['nmdc:bsm-11-gqeb4213'], 'gold_sequencing_project_identifiers': ['gold:Gp0138728'], 'part_of': ['nmdc:sty-11-33fbta56']}
omics_processing_set	gold:Gp0138727	649b009773e824995934a066	{'id': 'nmdc:omprc-11-ynzkey69', 'has_input': ['nmdc:bsm-11-4wps6157'], 'gold_sequencing_project_identifiers': ['gold:Gp0138727'], 'part_of': ['nmdc:sty-11-33fbta56']}
omics_processing_set	gold:Gp0138730	649b009773e824995934a06a	{'id': 'nmdc:omprc-11-r8ge5348', 'has_input': ['nmdc:bsm-11-3z5azv98'], 'gold_sequencing_project_identifiers': ['gold:Gp0138730'], 'part_of': ['nmdc:sty-11-33fbta56']}
omics_processing_set	gold:Gp0138729	649b009773e824995934a06b	{'id': 'nmdc:omprc-11-2qj44f76', 'has_input': ['nmdc:bsm-11-et3h1906'], 'gold_sequencing_project_identifiers': ['gold:Gp0138729'], 'part_of': ['nmdc:sty-11-33fbta56']}
omics_processing_set	gold:Gp0138731	649b009773e824995934a069	{'id': 'nmdc:omprc-11-qmaymz42', 'has_input': ['nmdc:bsm-11-7xvq8947'], 'gold_sequencing_project_identifiers': ['gold:Gp0138731'], 'part_of': ['nmdc:sty-11-33fbta56']}
omics_processing_set	gold:Gp0138732	649b009773e824995934a06d	{'id': 'nmdc:omprc-11-cg0yjc48', 'has_input': ['nmdc:bsm-11-a9e9r288'], 'gold_sequencing_project_identifiers': ['gold:Gp0138732'], 'part_of': ['nmdc:sty-11-33fbta56']}
omics_processing_set	gold:Gp0138734	649b009773e824995934a06c	{'id': 'nmdc:omprc-11-qxj6sv46', 'has_input': ['nmdc:bsm-11-nsyppy90'], 'gold_sequencing_project_identifiers': ['gold:Gp0138734'], 'part_of': ['nmdc:sty-11-33fbta56']}
omics_processing_set	gold:Gp0138733	649b009773e824995934a070	{'id': 'nmdc:omprc-11-p90n8j15', 'has_input': ['nmdc:bsm-11-stm8dm02'], 'gold_sequencing_project_identifiers': ['gold:Gp0138733'], 'part_of': ['nmdc:sty-11-33fbta56']}
omics_processing_set	gold:Gp0138737	649b009773e824995934a071	{'id': 'nmdc:omprc-11-e2nrs133', 'has_input': ['nmdc:bsm-11-12jj9s95'], 'gold_sequencing_project_identifiers': ['gold:Gp0138737'], 'part_of': ['nmdc:sty-11-33fbta56']}
omics_processing_set	gold:Gp0138735	649b009773e824995934a06e	{'id': 'nmdc:omprc-11-4kf0ed80', 'has_input': ['nmdc:bsm-11-nw14ze85'], 'gold_sequencing_project_identifiers': ['gold:Gp0138735'], 'part_of': ['nmdc:sty-11-33fbta56']}
omics_processing_set	gold:Gp0138736	649b009773e824995934a06f	{'id': 'nmdc:omprc-11-sw0v1r52', 'has_input': ['nmdc:bsm-11-v2tp7496'], 'gold_sequencing_project_identifiers': ['gold:Gp0138736'], 'part_of': ['nmdc:sty-11-33fbta56']}
omics_processing_set	gold:Gp0138739	649b009773e824995934a07a	{'id': 'nmdc:omprc-11-7dy42e62', 'has_input': ['nmdc:bsm-11-gj8ry518'], 'gold_sequencing_project_identifiers': ['gold:Gp0138739'], 'part_of': ['nmdc:sty-11-33fbta56']}
omics_processing_set	gold:Gp0138738	649b009773e824995934a075	{'id': 'nmdc:omprc-11-gzxtz125', 'has_input': ['nmdc:bsm-11-vq0gz292'], 'gold_sequencing_project_identifiers': ['gold:Gp0138738'], 'part_of': ['nmdc:sty-11-33fbta56']}
omics_processing_set	gold:Gp0138741	649b009773e824995934a073	{'id': 'nmdc:omprc-11-eb3ay981', 'has_input': ['nmdc:bsm-11-2z2xa792'], 'gold_sequencing_project_identifiers': ['gold:Gp0138741'], 'part_of': ['nmdc:sty-11-33fbta56']}
omics_processing_set	gold:Gp0138740	649b009773e824995934a072	{'id': 'nmdc:omprc-11-qwpjxq98', 'has_input': ['nmdc:bsm-11-nfhxdf22'], 'gold_sequencing_project_identifiers': ['gold:Gp0138740'], 'part_of': ['nmdc:sty-11-33fbta56']}
omics_processing_set	gold:Gp0138742	649b009773e824995934a074	{'id': 'nmdc:omprc-11-5k9cyc68', 'has_input': ['nmdc:bsm-11-d42p4r72'], 'gold_sequencing_project_identifiers': ['gold:Gp0138742'], 'part_of': ['nmdc:sty-11-33fbta56']}
omics_processing_set	gold:Gp0138743	649b009773e824995934a07b	{'id': 'nmdc:omprc-11-yb0m7w61', 'has_input': ['nmdc:bsm-11-ynsmc932'], 'gold_sequencing_project_identifiers': ['gold:Gp0138743'], 'part_of': ['nmdc:sty-11-33fbta56']}
omics_processing_set	gold:Gp0138744	649b009773e824995934a076	{'id': 'nmdc:omprc-11-kcjzc129', 'has_input': ['nmdc:bsm-11-acnp8s64'], 'gold_sequencing_project_identifiers': ['gold:Gp0138744'], 'part_of': ['nmdc:sty-11-33fbta56']}
omics_processing_set	gold:Gp0138745	649b009773e824995934a079	{'id': 'nmdc:omprc-11-z5rskd39', 'has_input': ['nmdc:bsm-11-fa8k6w97'], 'gold_sequencing_project_identifiers': ['gold:Gp0138745'], 'part_of': ['nmdc:sty-11-33fbta56']}
omics_processing_set	gold:Gp0138747	649b009773e824995934a080	{'id': 'nmdc:omprc-11-1qbwfs53', 'has_input': ['nmdc:bsm-11-dwwwmj09'], 'gold_sequencing_project_identifiers': ['gold:Gp0138747'], 'part_of': ['nmdc:sty-11-33fbta56']}
omics_processing_set	gold:Gp0138746	649b009773e824995934a077	{'id': 'nmdc:omprc-11-923bk843', 'has_input': ['nmdc:bsm-11-da6q4y97'], 'gold_sequencing_project_identifiers': ['gold:Gp0138746'], 'part_of': ['nmdc:sty-11-33fbta56']}
omics_processing_set	gold:Gp0138748	649b009773e824995934a078	{'id': 'nmdc:omprc-11-1ab3yp93', 'has_input': ['nmdc:bsm-11-0q37bk24'], 'gold_sequencing_project_identifiers': ['gold:Gp0138748'], 'part_of': ['nmdc:sty-11-33fbta56']}
omics_processing_set	gold:Gp0138749	649b009773e824995934a07e	{'id': 'nmdc:omprc-11-k0b2hz18', 'has_input': ['nmdc:bsm-11-13bz8x05'], 'gold_sequencing_project_identifiers': ['gold:Gp0138749'], 'part_of': ['nmdc:sty-11-33fbta56']}
omics_processing_set	gold:Gp0138750	649b009773e824995934a083	{'id': 'nmdc:omprc-11-t04a0790', 'has_input': ['nmdc:bsm-11-zyvw5648'], 'gold_sequencing_project_identifiers': ['gold:Gp0138750'], 'part_of': ['nmdc:sty-11-33fbta56']}
omics_processing_set	gold:Gp0138751	649b009773e824995934a07d	{'id': 'nmdc:omprc-11-gs4qm522', 'has_input': ['nmdc:bsm-11-nq8mh608'], 'gold_sequencing_project_identifiers': ['gold:Gp0138751'], 'part_of': ['nmdc:sty-11-33fbta56']}
omics_processing_set	gold:Gp0138752	649b009773e824995934a081	{'id': 'nmdc:omprc-11-mzy4xb46', 'has_input': ['nmdc:bsm-11-606p0z02'], 'gold_sequencing_project_identifiers': ['gold:Gp0138752'], 'part_of': ['nmdc:sty-11-33fbta56']}
omics_processing_set	gold:Gp0138753	649b009773e824995934a07f	{'id': 'nmdc:omprc-11-q012qp20', 'has_input': ['nmdc:bsm-11-e9mk6n02'], 'gold_sequencing_project_identifiers': ['gold:Gp0138753'], 'part_of': ['nmdc:sty-11-33fbta56']}
omics_processing_set	gold:Gp0138754	649b009773e824995934a07c	{'id': 'nmdc:omprc-11-n2jtma42', 'has_input': ['nmdc:bsm-11-c8gsy362'], 'gold_sequencing_project_identifiers': ['gold:Gp0138754'], 'part_of': ['nmdc:sty-11-33fbta56']}
omics_processing_set	gold:Gp0138755	649b009773e824995934a084	{'id': 'nmdc:omprc-11-f8abnb51', 'has_input': ['nmdc:bsm-11-wmxeqw16'], 'gold_sequencing_project_identifiers': ['gold:Gp0138755'], 'part_of': ['nmdc:sty-11-33fbta56']}
omics_processing_set	gold:Gp0138756	649b009773e824995934a082	{'id': 'nmdc:omprc-11-40sy0a74', 'has_input': ['nmdc:bsm-11-d5xker68'], 'gold_sequencing_project_identifiers': ['gold:Gp0138756'], 'part_of': ['nmdc:sty-11-33fbta56']}
omics_processing_set	gold:Gp0138757	649b009773e824995934a088	{'id': 'nmdc:omprc-11-56phh120', 'has_input': ['nmdc:bsm-11-vpm3zd62'], 'gold_sequencing_project_identifiers': ['gold:Gp0138757'], 'part_of': ['nmdc:sty-11-33fbta56']}
omics_processing_set	gold:Gp0138758	649b009773e824995934a086	{'id': 'nmdc:omprc-11-b9263g63', 'has_input': ['nmdc:bsm-11-y83yh594'], 'gold_sequencing_project_identifiers': ['gold:Gp0138758'], 'part_of': ['nmdc:sty-11-33fbta56']}
omics_processing_set	gold:Gp0138759	649b009773e824995934a087	{'id': 'nmdc:omprc-11-m99p1k26', 'has_input': ['nmdc:bsm-11-cj96xx78'], 'gold_sequencing_project_identifiers': ['gold:Gp0138759'], 'part_of': ['nmdc:sty-11-33fbta56']}
omics_processing_set	gold:Gp0138761	649b009773e824995934a08e	{'id': 'nmdc:omprc-11-e1zscn65', 'has_input': ['nmdc:bsm-11-0pp23957'], 'gold_sequencing_project_identifiers': ['gold:Gp0138761'], 'part_of': ['nmdc:sty-11-33fbta56']}
omics_processing_set	gold:Gp0138760	649b009773e824995934a085	{'id': 'nmdc:omprc-11-c4jm1n96', 'has_input': ['nmdc:bsm-11-ygbscp69'], 'gold_sequencing_project_identifiers': ['gold:Gp0138760'], 'part_of': ['nmdc:sty-11-33fbta56']}
omics_processing_set	gold:Gp0138762	649b009773e824995934a089	{'id': 'nmdc:omprc-11-wv76yx02', 'has_input': ['nmdc:bsm-11-zdyw1w58'], 'gold_sequencing_project_identifiers': ['gold:Gp0138762'], 'part_of': ['nmdc:sty-11-33fbta56']}
omics_processing_set	gold:Gp0138763	649b009773e824995934a08c	{'id': 'nmdc:omprc-11-sjx75c34', 'has_input': ['nmdc:bsm-11-kb47bt96'], 'gold_sequencing_project_identifiers': ['gold:Gp0138763'], 'part_of': ['nmdc:sty-11-33fbta56']}
omics_processing_set	gold:Gp0138764	649b009773e824995934a08d	{'id': 'nmdc:omprc-11-63cx2203', 'has_input': ['nmdc:bsm-11-j4vedn50'], 'gold_sequencing_project_identifiers': ['gold:Gp0138764'], 'part_of': ['nmdc:sty-11-33fbta56']}
omics_processing_set	gold:Gp0213331	649b009773e824995934a0a5	{'id': 'nmdc:omprc-11-7zgpde54', 'has_input': ['nmdc:bsm-11-vsdpnd34'], 'gold_sequencing_project_identifiers': ['gold:Gp0213331'], 'part_of': ['nmdc:sty-11-33fbta56']}
omics_processing_set	emsl:598513	649b009773e824995934a195	{'id': 'nmdc:omprc-11-wfzppa38', 'alternative_identifiers': ['emsl:598513'], 'has_input': ['nmdc:bsm-11-vsdpnd34'], 'part_of': ['nmdc:sty-11-33fbta56']}
omics_processing_set	emsl:598520	649b009773e824995934a196	{'id': 'nmdc:omprc-11-zderzd14', 'alternative_identifiers': ['emsl:598520'], 'has_input': ['nmdc:bsm-11-vsdpnd34'], 'part_of': ['nmdc:sty-11-33fbta56']}
omics_processing_set	gold:Gp0213333	649b009773e824995934a0a7	{'id': 'nmdc:omprc-11-ysfkkc65', 'has_input': ['nmdc:bsm-11-8fkknw89'], 'gold_sequencing_project_identifiers': ['gold:Gp0213333'], 'part_of': ['nmdc:sty-11-33fbta56']}
omics_processing_set	emsl:598851	649b009773e824995934a197	{'id': 'nmdc:omprc-11-3cb88758', 'alternative_identifiers': ['emsl:598851'], 'has_input': ['nmdc:bsm-11-8fkknw89'], 'part_of': ['nmdc:sty-11-33fbta56']}
omics_processing_set	gold:Gp0213339	649b009773e824995934a0ab	{'id': 'nmdc:omprc-11-ty0p4810', 'has_input': ['nmdc:bsm-11-m1wb6130'], 'gold_sequencing_project_identifiers': ['gold:Gp0213339'], 'part_of': ['nmdc:sty-11-33fbta56']}
omics_processing_set	gold:Gp0213334	649b009773e824995934a0a6	{'id': 'nmdc:omprc-11-nrznr707', 'has_input': ['nmdc:bsm-11-fq885467'], 'gold_sequencing_project_identifiers': ['gold:Gp0213334'], 'part_of': ['nmdc:sty-11-33fbta56']}
omics_processing_set	gold:Gp0213341	649b009773e824995934a0af	{'id': 'nmdc:omprc-11-tepjd518', 'has_input': ['nmdc:bsm-11-ecf86e26'], 'gold_sequencing_project_identifiers': ['gold:Gp0213341'], 'part_of': ['nmdc:sty-11-33fbta56']}
omics_processing_set	gold:Gp0213336	649b009773e824995934a0a9	{'id': 'nmdc:omprc-11-rx21np09', 'has_input': ['nmdc:bsm-11-ndvthq94'], 'gold_sequencing_project_identifiers': ['gold:Gp0213336'], 'part_of': ['nmdc:sty-11-33fbta56']}
omics_processing_set	emsl:598508	649b009773e824995934a199	{'id': 'nmdc:omprc-11-ntj89023', 'alternative_identifiers': ['emsl:598508'], 'has_input': ['nmdc:bsm-11-ndvthq94'], 'part_of': ['nmdc:sty-11-33fbta56']}
omics_processing_set	gold:Gp0213340	649b009773e824995934a0ae	{'id': 'nmdc:omprc-11-w7nmdr12', 'has_input': ['nmdc:bsm-11-j1k5zq75'], 'gold_sequencing_project_identifiers': ['gold:Gp0213340'], 'part_of': ['nmdc:sty-11-33fbta56']}
omics_processing_set	gold:Gp0213348	649b009773e824995934a0b5	{'id': 'nmdc:omprc-11-bn0hvy73', 'has_input': ['nmdc:bsm-11-2czs6j89'], 'gold_sequencing_project_identifiers': ['gold:Gp0213348'], 'part_of': ['nmdc:sty-11-33fbta56']}
omics_processing_set	gold:Gp0213344	649b009773e824995934a0b3	{'id': 'nmdc:omprc-11-36smhb42', 'has_input': ['nmdc:bsm-11-n04acj39'], 'gold_sequencing_project_identifiers': ['gold:Gp0213344'], 'part_of': ['nmdc:sty-11-33fbta56']}
omics_processing_set	emsl:598852	649b009773e824995934a189	{'id': 'nmdc:omprc-11-y6a4a751', 'alternative_identifiers': ['emsl:598852'], 'has_input': ['nmdc:bsm-11-n04acj39'], 'part_of': ['nmdc:sty-11-33fbta56']}
omics_processing_set	gold:Gp0213343	649b009773e824995934a0b2	{'id': 'nmdc:omprc-11-chg9m357', 'has_input': ['nmdc:bsm-11-j128vz98'], 'gold_sequencing_project_identifiers': ['gold:Gp0213343'], 'part_of': ['nmdc:sty-11-33fbta56']}
omics_processing_set	emsl:598849	649b009773e824995934a187	{'id': 'nmdc:omprc-11-n81fed07', 'alternative_identifiers': ['emsl:598849'], 'has_input': ['nmdc:bsm-11-j128vz98'], 'part_of': ['nmdc:sty-11-33fbta56']}
omics_processing_set	gold:Gp0213342	649b009773e824995934a0ad	{'id': 'nmdc:omprc-11-3dt30g73', 'has_input': ['nmdc:bsm-11-0rg6f155'], 'gold_sequencing_project_identifiers': ['gold:Gp0213342'], 'part_of': ['nmdc:sty-11-33fbta56']}
omics_processing_set	gold:Gp0213349	649b009773e824995934a0b8	{'id': 'nmdc:omprc-11-yexxed70', 'has_input': ['nmdc:bsm-11-gt5q4k97'], 'gold_sequencing_project_identifiers': ['gold:Gp0213349'], 'part_of': ['nmdc:sty-11-33fbta56']}
omics_processing_set	gold:Gp0213350	649b009773e824995934a0b7	{'id': 'nmdc:omprc-11-9ez2ss36', 'has_input': ['nmdc:bsm-11-wrenvm65'], 'gold_sequencing_project_identifiers': ['gold:Gp0213350'], 'part_of': ['nmdc:sty-11-33fbta56']}
omics_processing_set	gold:Gp0213335	649b009773e824995934a0aa	{'id': 'nmdc:omprc-11-xj8knf91', 'has_input': ['nmdc:bsm-11-afq2xz63'], 'gold_sequencing_project_identifiers': ['gold:Gp0213335'], 'part_of': ['nmdc:sty-11-33fbta56']}
omics_processing_set	emsl:598512	649b009773e824995934a19b	{'id': 'nmdc:omprc-11-xp74k207', 'alternative_identifiers': ['emsl:598512'], 'has_input': ['nmdc:bsm-11-afq2xz63'], 'part_of': ['nmdc:sty-11-33fbta56']}
omics_processing_set	gold:Gp0213337	649b009773e824995934a0ac	{'id': 'nmdc:omprc-11-4fym7858', 'has_input': ['nmdc:bsm-11-w8y4gb10'], 'gold_sequencing_project_identifiers': ['gold:Gp0213337'], 'part_of': ['nmdc:sty-11-33fbta56']}
omics_processing_set	emsl:598510	649b009773e824995934a19a	{'id': 'nmdc:omprc-11-01pm7g24', 'alternative_identifiers': ['emsl:598510'], 'has_input': ['nmdc:bsm-11-w8y4gb10'], 'part_of': ['nmdc:sty-11-33fbta56']}
omics_processing_set	gold:Gp0213351	649b009773e824995934a0b9	{'id': 'nmdc:omprc-11-zw0bj344', 'has_input': ['nmdc:bsm-11-t3anw082'], 'gold_sequencing_project_identifiers': ['gold:Gp0213351'], 'part_of': ['nmdc:sty-11-33fbta56']}
omics_processing_set	emsl:598853	649b009773e824995934a188	{'id': 'nmdc:omprc-11-gqqn9s76', 'alternative_identifiers': ['emsl:598853'], 'has_input': ['nmdc:bsm-11-t3anw082'], 'part_of': ['nmdc:sty-11-33fbta56']}
omics_processing_set	gold:Gp0213338	649b009773e824995934a0b0	{'id': 'nmdc:omprc-11-gz7nn998', 'has_input': ['nmdc:bsm-11-hmzpke61'], 'gold_sequencing_project_identifiers': ['gold:Gp0213338'], 'part_of': ['nmdc:sty-11-33fbta56']}
omics_processing_set	gold:Gp0213332	649b009773e824995934a0a8	{'id': 'nmdc:omprc-11-pj50kw14', 'has_input': ['nmdc:bsm-11-1kcvgy36'], 'gold_sequencing_project_identifiers': ['gold:Gp0213332'], 'part_of': ['nmdc:sty-11-33fbta56']}
omics_processing_set	emsl:598848	649b009773e824995934a198	{'id': 'nmdc:omprc-11-nfce4r12', 'alternative_identifiers': ['emsl:598848'], 'has_input': ['nmdc:bsm-11-1kcvgy36'], 'part_of': ['nmdc:sty-11-33fbta56']}
omics_processing_set	gold:Gp0213354	649b009773e824995934a0bc	{'id': 'nmdc:omprc-11-b7mnyp08', 'has_input': ['nmdc:bsm-11-k6pdd460'], 'gold_sequencing_project_identifiers': ['gold:Gp0213354'], 'part_of': ['nmdc:sty-11-33fbta56']}
omics_processing_set	gold:Gp0213353	649b009773e824995934a0bb	{'id': 'nmdc:omprc-11-wx0nqt70', 'has_input': ['nmdc:bsm-11-2v0v7786'], 'gold_sequencing_project_identifiers': ['gold:Gp0213353'], 'part_of': ['nmdc:sty-11-33fbta56']}
omics_processing_set	emsl:598509	649b009773e824995934a18b	{'id': 'nmdc:omprc-11-ar7xyy02', 'alternative_identifiers': ['emsl:598509'], 'has_input': ['nmdc:bsm-11-2v0v7786'], 'part_of': ['nmdc:sty-11-33fbta56']}
omics_processing_set	emsl:598850	649b009773e824995934a191	{'id': 'nmdc:omprc-11-e8g0x640', 'alternative_identifiers': ['emsl:598850'], 'has_input': ['nmdc:bsm-11-2v0v7786'], 'part_of': ['nmdc:sty-11-33fbta56']}
omics_processing_set	gold:Gp0213352	649b009773e824995934a0ba	{'id': 'nmdc:omprc-11-9czrq558', 'has_input': ['nmdc:bsm-11-qp2bsa04'], 'gold_sequencing_project_identifiers': ['gold:Gp0213352'], 'part_of': ['nmdc:sty-11-33fbta56']}
omics_processing_set	gold:Gp0213359	649b009773e824995934a0bf	{'id': 'nmdc:omprc-11-vt8nwr76', 'has_input': ['nmdc:bsm-11-gq52v917'], 'gold_sequencing_project_identifiers': ['gold:Gp0213359'], 'part_of': ['nmdc:sty-11-33fbta56']}
omics_processing_set	emsl:598517	649b009773e824995934a18e	{'id': 'nmdc:omprc-11-x7wa2f92', 'alternative_identifiers': ['emsl:598517'], 'has_input': ['nmdc:bsm-11-gq52v917'], 'part_of': ['nmdc:sty-11-33fbta56']}
omics_processing_set	gold:Gp0213345	649b009773e824995934a0b6	{'id': 'nmdc:omprc-11-fj9et824', 'has_input': ['nmdc:bsm-11-xmr02q74'], 'gold_sequencing_project_identifiers': ['gold:Gp0213345'], 'part_of': ['nmdc:sty-11-33fbta56']}
omics_processing_set	emsl:598515	649b009773e824995934a190	{'id': 'nmdc:omprc-11-jdn7t580', 'alternative_identifiers': ['emsl:598515'], 'has_input': ['nmdc:bsm-11-xmr02q74'], 'part_of': ['nmdc:sty-11-33fbta56']}
omics_processing_set	gold:Gp0213363	649b009773e824995934a0c9	{'id': 'nmdc:omprc-11-h3wk6z45', 'has_input': ['nmdc:bsm-11-bsd7af23'], 'gold_sequencing_project_identifiers': ['gold:Gp0213363'], 'part_of': ['nmdc:sty-11-33fbta56']}
omics_processing_set	emsl:598506	649b009773e824995934a192	{'id': 'nmdc:omprc-11-qt23cc45', 'alternative_identifiers': ['emsl:598506'], 'has_input': ['nmdc:bsm-11-bsd7af23'], 'part_of': ['nmdc:sty-11-33fbta56']}
omics_processing_set	gold:Gp0213360	649b009773e824995934a0c1	{'id': 'nmdc:omprc-11-17p51842', 'has_input': ['nmdc:bsm-11-tajg5a78'], 'gold_sequencing_project_identifiers': ['gold:Gp0213360'], 'part_of': ['nmdc:sty-11-33fbta56']}
omics_processing_set	emsl:598847	649b009773e824995934a18c	{'id': 'nmdc:omprc-11-12yc8z47', 'alternative_identifiers': ['emsl:598847'], 'has_input': ['nmdc:bsm-11-tajg5a78'], 'part_of': ['nmdc:sty-11-33fbta56']}
omics_processing_set	gold:Gp0213355	649b009773e824995934a0be	{'id': 'nmdc:omprc-11-hkxbtn90', 'has_input': ['nmdc:bsm-11-j9z0eh32'], 'gold_sequencing_project_identifiers': ['gold:Gp0213355'], 'part_of': ['nmdc:sty-11-33fbta56']}
omics_processing_set	gold:Gp0213362	649b009773e824995934a0c7	{'id': 'nmdc:omprc-11-hqrp2139', 'has_input': ['nmdc:bsm-11-mms4g770'], 'gold_sequencing_project_identifiers': ['gold:Gp0213362'], 'part_of': ['nmdc:sty-11-33fbta56']}
omics_processing_set	gold:Gp0213346	649b009773e824995934a0b1	{'id': 'nmdc:omprc-11-575axe94', 'has_input': ['nmdc:bsm-11-8p42wk98'], 'gold_sequencing_project_identifiers': ['gold:Gp0213346'], 'part_of': ['nmdc:sty-11-33fbta56']}
omics_processing_set	gold:Gp0213347	649b009773e824995934a0b4	{'id': 'nmdc:omprc-11-bfmf0v15', 'has_input': ['nmdc:bsm-11-rfjns768'], 'gold_sequencing_project_identifiers': ['gold:Gp0213347'], 'part_of': ['nmdc:sty-11-33fbta56']}
omics_processing_set	gold:Gp0213357	649b009773e824995934a0c3	{'id': 'nmdc:omprc-11-j9ekjz72', 'has_input': ['nmdc:bsm-11-2hwhy435'], 'gold_sequencing_project_identifiers': ['gold:Gp0213357'], 'part_of': ['nmdc:sty-11-33fbta56']}
omics_processing_set	gold:Gp0213356	649b009773e824995934a0bd	{'id': 'nmdc:omprc-11-q5bkxg68', 'has_input': ['nmdc:bsm-11-7cmnhs66'], 'gold_sequencing_project_identifiers': ['gold:Gp0213356'], 'part_of': ['nmdc:sty-11-33fbta56']}
omics_processing_set	gold:Gp0213361	649b009773e824995934a0c2	{'id': 'nmdc:omprc-11-sw4bvw61', 'has_input': ['nmdc:bsm-11-q6evbs35'], 'gold_sequencing_project_identifiers': ['gold:Gp0213361'], 'part_of': ['nmdc:sty-11-33fbta56']}
omics_processing_set	emsl:598511	649b009773e824995934a18f	{'id': 'nmdc:omprc-11-tvrwvx57', 'alternative_identifiers': ['emsl:598511'], 'has_input': ['nmdc:bsm-11-q6evbs35'], 'part_of': ['nmdc:sty-11-33fbta56']}
omics_processing_set	gold:Gp0213364	649b009773e824995934a0f2	{'id': 'nmdc:omprc-11-6gayde56', 'has_input': ['nmdc:bsm-11-5z0djj47'], 'gold_sequencing_project_identifiers': ['gold:Gp0213364'], 'part_of': ['nmdc:sty-11-33fbta56']}
omics_processing_set	emsl:598846	649b009773e824995934a193	{'id': 'nmdc:omprc-11-3tce2d28', 'alternative_identifiers': ['emsl:598846'], 'has_input': ['nmdc:bsm-11-5z0djj47'], 'part_of': ['nmdc:sty-11-33fbta56']}
omics_processing_set	gold:Gp0213358	649b009773e824995934a0c5	{'id': 'nmdc:omprc-11-mvymvx89', 'has_input': ['nmdc:bsm-11-czzxgq27'], 'gold_sequencing_project_identifiers': ['gold:Gp0213358'], 'part_of': ['nmdc:sty-11-33fbta56']}
omics_processing_set	gold:Gp0213365	649b009773e824995934a0ca	{'id': 'nmdc:omprc-11-bgss0w02', 'has_input': ['nmdc:bsm-11-p59jn932'], 'gold_sequencing_project_identifiers': ['gold:Gp0213365'], 'part_of': ['nmdc:sty-11-33fbta56']}
omics_processing_set	emsl:598516	649b009773e824995934a194	{'id': 'nmdc:omprc-11-y8rt3j77', 'alternative_identifiers': ['emsl:598516'], 'has_input': ['nmdc:bsm-11-p59jn932'], 'part_of': ['nmdc:sty-11-33fbta56']}
omics_processing_set	gold:Gp0213368	649b009773e824995934a0c4	{'id': 'nmdc:omprc-11-wfb9je78', 'has_input': ['nmdc:bsm-11-a5s95q90'], 'gold_sequencing_project_identifiers': ['gold:Gp0213368'], 'part_of': ['nmdc:sty-11-33fbta56']}
omics_processing_set	gold:Gp0213366	649b009773e824995934a0f8	{'id': 'nmdc:omprc-11-95hn8w24', 'has_input': ['nmdc:bsm-11-7c6pga65'], 'gold_sequencing_project_identifiers': ['gold:Gp0213366'], 'part_of': ['nmdc:sty-11-33fbta56']}
omics_processing_set	gold:Gp0213369	649b009773e824995934a0c0	{'id': 'nmdc:omprc-11-qk55wy68', 'has_input': ['nmdc:bsm-11-4nkzp814'], 'gold_sequencing_project_identifiers': ['gold:Gp0213369'], 'part_of': ['nmdc:sty-11-33fbta56']}
omics_processing_set	gold:Gp0213373	649b009773e824995934a0cb	{'id': 'nmdc:omprc-11-8ma5zt51', 'has_input': ['nmdc:bsm-11-qtw9ap57'], 'gold_sequencing_project_identifiers': ['gold:Gp0213373'], 'part_of': ['nmdc:sty-11-33fbta56']}
omics_processing_set	gold:Gp0213370	649b009773e824995934a0c8	{'id': 'nmdc:omprc-11-kr272f69', 'has_input': ['nmdc:bsm-11-abmr4745'], 'gold_sequencing_project_identifiers': ['gold:Gp0213370'], 'part_of': ['nmdc:sty-11-33fbta56']}
omics_processing_set	gold:Gp0213372	649b009773e824995934a0fb	{'id': 'nmdc:omprc-11-b23hge32', 'has_input': ['nmdc:bsm-11-6nve0m50'], 'gold_sequencing_project_identifiers': ['gold:Gp0213372'], 'part_of': ['nmdc:sty-11-33fbta56']}
omics_processing_set	gold:Gp0213371	649b009773e824995934a0f6	{'id': 'nmdc:omprc-11-2xj5g639', 'has_input': ['nmdc:bsm-11-wqkf2a69'], 'gold_sequencing_project_identifiers': ['gold:Gp0213371'], 'part_of': ['nmdc:sty-11-33fbta56']}
omics_processing_set	gold:Gp0213374	649b009773e824995934a0e0	{'id': 'nmdc:omprc-11-tjwv5c44', 'has_input': ['nmdc:bsm-11-36gpge95'], 'gold_sequencing_project_identifiers': ['gold:Gp0213374'], 'part_of': ['nmdc:sty-11-33fbta56']}
omics_processing_set	gold:Gp0213375	649b009773e824995934a0cc	{'id': 'nmdc:omprc-11-x4jk7j84', 'has_input': ['nmdc:bsm-11-kjg1sw46'], 'gold_sequencing_project_identifiers': ['gold:Gp0213375'], 'part_of': ['nmdc:sty-11-33fbta56']}
omics_processing_set	gold:Gp0213367	649b009773e824995934a0c6	{'id': 'nmdc:omprc-11-dsr34p86', 'has_input': ['nmdc:bsm-11-r7wqc727'], 'gold_sequencing_project_identifiers': ['gold:Gp0213367'], 'part_of': ['nmdc:sty-11-33fbta56']}
omics_processing_set	emsl:570823	649b009773e824995934a157	{'id': 'nmdc:omprc-11-c0qs8d47', 'alternative_identifiers': ['emsl:570823'], 'has_input': ['nmdc:bsm-11-1bdhrc73'], 'has_output': ['nmdc:dobj-11-nccfdr10'], 'part_of': ['nmdc:sty-11-33fbta56']}
omics_processing_set	emsl:570993	649b009773e824995934a15c	{'id': 'nmdc:omprc-11-k6jgn251', 'alternative_identifiers': ['emsl:570993'], 'has_input': ['nmdc:bsm-11-1bdhrc73'], 'has_output': ['nmdc:dobj-11-zdxq4x38'], 'part_of': ['nmdc:sty-11-33fbta56']}
omics_processing_set	emsl:572507	649b009773e824995934a17f	{'id': 'nmdc:omprc-11-sg55n993', 'alternative_identifiers': ['emsl:572507'], 'has_input': ['nmdc:bsm-11-1bdhrc73'], 'has_output': ['nmdc:dobj-11-19gp6740'], 'part_of': ['nmdc:sty-11-33fbta56']}
omics_processing_set	emsl:572512	649b009773e824995934a152	{'id': 'nmdc:omprc-11-dwyhh495', 'alternative_identifiers': ['emsl:572512'], 'has_input': ['nmdc:bsm-11-ha15sh14'], 'has_output': ['nmdc:dobj-11-bv677t58'], 'part_of': ['nmdc:sty-11-33fbta56']}
omics_processing_set	emsl:570983	649b009773e824995934a168	{'id': 'nmdc:omprc-11-pvq9w817', 'alternative_identifiers': ['emsl:570983'], 'has_input': ['nmdc:bsm-11-ha15sh14'], 'has_output': ['nmdc:dobj-11-z33v7x12'], 'part_of': ['nmdc:sty-11-33fbta56']}
omics_processing_set	emsl:570791	649b009773e824995934a181	{'id': 'nmdc:omprc-11-0yysg927', 'alternative_identifiers': ['emsl:570791'], 'has_input': ['nmdc:bsm-11-ha15sh14'], 'has_output': ['nmdc:dobj-11-exgf3425'], 'part_of': ['nmdc:sty-11-33fbta56']}
omics_processing_set	emsl:572511	649b009773e824995934a16a	{'id': 'nmdc:omprc-11-3tx4t010', 'alternative_identifiers': ['emsl:572511'], 'has_input': ['nmdc:bsm-11-9wrvr280'], 'has_output': ['nmdc:dobj-11-2wna1y98'], 'part_of': ['nmdc:sty-11-33fbta56']}
omics_processing_set	emsl:570825	649b009773e824995934a180	{'id': 'nmdc:omprc-11-04scnf87', 'alternative_identifiers': ['emsl:570825'], 'has_input': ['nmdc:bsm-11-9wrvr280'], 'has_output': ['nmdc:dobj-11-2t969h84'], 'part_of': ['nmdc:sty-11-33fbta56']}
omics_processing_set	emsl:570826	649b009773e824995934a16b	{'id': 'nmdc:omprc-11-pvrj8c36', 'alternative_identifiers': ['emsl:570826'], 'has_input': ['nmdc:bsm-11-e579zg62'], 'has_output': ['nmdc:dobj-11-m4mqa420'], 'part_of': ['nmdc:sty-11-33fbta56']}
omics_processing_set	emsl:571000	649b009773e824995934a178	{'id': 'nmdc:omprc-11-bydnvw68', 'alternative_identifiers': ['emsl:571000'], 'has_input': ['nmdc:bsm-11-e579zg62'], 'has_output': ['nmdc:dobj-11-t6mr0p85'], 'part_of': ['nmdc:sty-11-33fbta56']}
omics_processing_set	emsl:572509	649b009773e824995934a186	{'id': 'nmdc:omprc-11-w7gvsp81', 'alternative_identifiers': ['emsl:572509'], 'has_input': ['nmdc:bsm-11-e579zg62'], 'has_output': ['nmdc:dobj-11-1wsn9t98'], 'part_of': ['nmdc:sty-11-33fbta56']}
omics_processing_set	emsl:572518	649b009773e824995934a172	{'id': 'nmdc:omprc-11-rnvme036', 'alternative_identifiers': ['emsl:572518'], 'has_input': ['nmdc:bsm-11-cvpz8q57'], 'has_output': ['nmdc:dobj-11-9jdta790'], 'part_of': ['nmdc:sty-11-33fbta56']}
omics_processing_set	emsl:570976	649b009773e824995934a183	{'id': 'nmdc:omprc-11-mvxyff94', 'alternative_identifiers': ['emsl:570976'], 'has_input': ['nmdc:bsm-11-cvpz8q57'], 'has_output': ['nmdc:dobj-11-g0qjqz02'], 'part_of': ['nmdc:sty-11-33fbta56']}
omics_processing_set	emsl:572515	649b009773e824995934a154	{'id': 'nmdc:omprc-11-b769ct02', 'alternative_identifiers': ['emsl:572515'], 'has_input': ['nmdc:bsm-11-g6k7ys30'], 'has_output': ['nmdc:dobj-11-4cz1cf27'], 'part_of': ['nmdc:sty-11-33fbta56']}
omics_processing_set	emsl:572516	649b009773e824995934a159	{'id': 'nmdc:omprc-11-b1pgnv40', 'alternative_identifiers': ['emsl:572516'], 'has_input': ['nmdc:bsm-11-g6k7ys30'], 'has_output': ['nmdc:dobj-11-p1hjqv96'], 'part_of': ['nmdc:sty-11-33fbta56']}
omics_processing_set	emsl:570989	649b009773e824995934a162	{'id': 'nmdc:omprc-11-6qy7rr61', 'alternative_identifiers': ['emsl:570989'], 'has_input': ['nmdc:bsm-11-g6k7ys30'], 'has_output': ['nmdc:dobj-11-ge3xkm21'], 'part_of': ['nmdc:sty-11-33fbta56']}
omics_processing_set	emsl:570853	649b009773e824995934a165	{'id': 'nmdc:omprc-11-zr0t0878', 'alternative_identifiers': ['emsl:570853'], 'has_input': ['nmdc:bsm-11-g6k7ys30'], 'has_output': ['nmdc:dobj-11-j2a80675'], 'part_of': ['nmdc:sty-11-33fbta56']}
omics_processing_set	emsl:570994	649b009773e824995934a169	{'id': 'nmdc:omprc-11-yvpjaz18', 'alternative_identifiers': ['emsl:570994'], 'has_input': ['nmdc:bsm-11-g6k7ys30'], 'has_output': ['nmdc:dobj-11-327e0x43'], 'part_of': ['nmdc:sty-11-33fbta56']}
omics_processing_set	emsl:570843	649b009773e824995934a17b	{'id': 'nmdc:omprc-11-x84aen33', 'alternative_identifiers': ['emsl:570843'], 'has_input': ['nmdc:bsm-11-g6k7ys30'], 'has_output': ['nmdc:dobj-11-5wpsfk18'], 'part_of': ['nmdc:sty-11-33fbta56']}
omics_processing_set	emsl:570988	649b009773e824995934a16d	{'id': 'nmdc:omprc-11-qq1q5q63', 'alternative_identifiers': ['emsl:570988'], 'has_input': ['nmdc:bsm-11-ryp68605'], 'has_output': ['nmdc:dobj-11-ged0t961'], 'part_of': ['nmdc:sty-11-33fbta56']}
omics_processing_set	emsl:570796	649b009773e824995934a16f	{'id': 'nmdc:omprc-11-sn6p3b92', 'alternative_identifiers': ['emsl:570796'], 'has_input': ['nmdc:bsm-11-ryp68605'], 'has_output': ['nmdc:dobj-11-w6tqe954'], 'part_of': ['nmdc:sty-11-33fbta56']}
omics_processing_set	emsl:572510	649b009773e824995934a18d	{'id': 'nmdc:omprc-11-6jmeb670', 'alternative_identifiers': ['emsl:572510'], 'has_input': ['nmdc:bsm-11-ryp68605'], 'has_output': ['nmdc:dobj-11-jy58n989'], 'part_of': ['nmdc:sty-11-33fbta56']}
omics_processing_set	emsl:570846	649b009773e824995934a153	{'id': 'nmdc:omprc-11-xw2rxm31', 'alternative_identifiers': ['emsl:570846'], 'has_input': ['nmdc:bsm-11-zh7z9581'], 'has_output': ['nmdc:dobj-11-62d1mx86'], 'part_of': ['nmdc:sty-11-33fbta56']}
omics_processing_set	emsl:572520	649b009773e824995934a166	{'id': 'nmdc:omprc-11-4vc8x181', 'alternative_identifiers': ['emsl:572520'], 'has_input': ['nmdc:bsm-11-zh7z9581'], 'has_output': ['nmdc:dobj-11-k5bybm75'], 'part_of': ['nmdc:sty-11-33fbta56']}
omics_processing_set	emsl:572517	649b009773e824995934a163	{'id': 'nmdc:omprc-11-dtjs0e80', 'alternative_identifiers': ['emsl:572517'], 'has_input': ['nmdc:bsm-11-w13x5x92'], 'has_output': ['nmdc:dobj-11-0hjcks25'], 'part_of': ['nmdc:sty-11-33fbta56']}
omics_processing_set	emsl:570837	649b009773e824995934a167	{'id': 'nmdc:omprc-11-18v0ms05', 'alternative_identifiers': ['emsl:570837'], 'has_input': ['nmdc:bsm-11-w13x5x92'], 'has_output': ['nmdc:dobj-11-bj3j3p30'], 'part_of': ['nmdc:sty-11-33fbta56']}
omics_processing_set	emsl:570819	649b009773e824995934a164	{'id': 'nmdc:omprc-11-d47hm561', 'alternative_identifiers': ['emsl:570819'], 'has_input': ['nmdc:bsm-11-eayha430'], 'has_output': ['nmdc:dobj-11-hkm0ev95'], 'part_of': ['nmdc:sty-11-33fbta56']}
omics_processing_set	emsl:570991	649b009773e824995934a173	{'id': 'nmdc:omprc-11-j27enj90', 'alternative_identifiers': ['emsl:570991'], 'has_input': ['nmdc:bsm-11-eayha430'], 'has_output': ['nmdc:dobj-11-gre4bj21'], 'part_of': ['nmdc:sty-11-33fbta56']}
omics_processing_set	emsl:572506	649b009773e824995934a17a	{'id': 'nmdc:omprc-11-2yxeed07', 'alternative_identifiers': ['emsl:572506'], 'has_input': ['nmdc:bsm-11-eayha430'], 'has_output': ['nmdc:dobj-11-ajj3c817'], 'part_of': ['nmdc:sty-11-33fbta56']}
omics_processing_set	emsl:570855	649b009773e824995934a151	{'id': 'nmdc:omprc-11-ayd7vq17', 'alternative_identifiers': ['emsl:570855'], 'has_input': ['nmdc:bsm-11-cfs2fg20'], 'has_output': ['nmdc:dobj-11-4pnzgm62'], 'part_of': ['nmdc:sty-11-33fbta56']}
omics_processing_set	emsl:572508	649b009773e824995934a17e	{'id': 'nmdc:omprc-11-g9p2a906', 'alternative_identifiers': ['emsl:572508'], 'has_input': ['nmdc:bsm-11-cfs2fg20'], 'has_output': ['nmdc:dobj-11-nc53z211'], 'part_of': ['nmdc:sty-11-33fbta56']}
omics_processing_set	emsl:570987	649b009773e824995934a16c	{'id': 'nmdc:omprc-11-4rdj7r30', 'alternative_identifiers': ['emsl:570987'], 'has_input': ['nmdc:bsm-11-bnqzvd68'], 'has_output': ['nmdc:dobj-11-yjx15s27'], 'part_of': ['nmdc:sty-11-33fbta56']}
omics_processing_set	emsl:570841	649b009773e824995934a175	{'id': 'nmdc:omprc-11-x7gxs993', 'alternative_identifiers': ['emsl:570841'], 'has_input': ['nmdc:bsm-11-bnqzvd68'], 'has_output': ['nmdc:dobj-11-d9bb2y96'], 'part_of': ['nmdc:sty-11-33fbta56']}
omics_processing_set	emsl:572514	649b009773e824995934a185	{'id': 'nmdc:omprc-11-vwcwfp85', 'alternative_identifiers': ['emsl:572514'], 'has_input': ['nmdc:bsm-11-bnqzvd68'], 'has_output': ['nmdc:dobj-11-xcmmkk89'], 'part_of': ['nmdc:sty-11-33fbta56']}
omics_processing_set	emsl:570836	649b009773e824995934a174	{'id': 'nmdc:omprc-11-p610k389', 'alternative_identifiers': ['emsl:570836'], 'has_input': ['nmdc:bsm-11-tnjzn988'], 'has_output': ['nmdc:dobj-11-xd55bh40'], 'part_of': ['nmdc:sty-11-33fbta56']}
omics_processing_set	emsl:572521	649b009773e824995934a184	{'id': 'nmdc:omprc-11-j9fcfx02', 'alternative_identifiers': ['emsl:572521'], 'has_input': ['nmdc:bsm-11-tnjzn988'], 'has_output': ['nmdc:dobj-11-q9cr8w56'], 'part_of': ['nmdc:sty-11-33fbta56']}
omics_processing_set	emsl:572519	649b009773e824995934a171	{'id': 'nmdc:omprc-11-p3p2he45', 'alternative_identifiers': ['emsl:572519'], 'has_input': ['nmdc:bsm-11-n6mgrq14'], 'has_output': ['nmdc:dobj-11-smz49341'], 'part_of': ['nmdc:sty-11-33fbta56']}
omics_processing_set	emsl:570809	649b009773e824995934a182	{'id': 'nmdc:omprc-11-81x1gp27', 'alternative_identifiers': ['emsl:570809'], 'has_input': ['nmdc:bsm-11-n6mgrq14'], 'has_output': ['nmdc:dobj-11-ftxzp166'], 'part_of': ['nmdc:sty-11-33fbta56']}
omics_processing_set	emsl:570812	649b009773e824995934a16e	{'id': 'nmdc:omprc-11-w9bg7c17', 'alternative_identifiers': ['emsl:570812'], 'has_input': ['nmdc:bsm-11-544r4x84'], 'has_output': ['nmdc:dobj-11-za8h0d71'], 'part_of': ['nmdc:sty-11-33fbta56']}
omics_processing_set	emsl:570990	649b009773e824995934a170	{'id': 'nmdc:omprc-11-k93tem28', 'alternative_identifiers': ['emsl:570990'], 'has_input': ['nmdc:bsm-11-544r4x84'], 'has_output': ['nmdc:dobj-11-9ap5nw93'], 'part_of': ['nmdc:sty-11-33fbta56']}
omics_processing_set	emsl:572522	649b009773e824995934a17d	{'id': 'nmdc:omprc-11-w865jg91', 'alternative_identifiers': ['emsl:572522'], 'has_input': ['nmdc:bsm-11-544r4x84'], 'has_output': ['nmdc:dobj-11-qvq1q756'], 'part_of': ['nmdc:sty-11-33fbta56']}
omics_processing_set	emsl:570998	649b009773e824995934a150	{'id': 'nmdc:omprc-11-s0k97696', 'alternative_identifiers': ['emsl:570998'], 'has_input': ['nmdc:bsm-11-2zz0fn14'], 'has_output': ['nmdc:dobj-11-4rxbsb48'], 'part_of': ['nmdc:sty-11-33fbta56']}
omics_processing_set	emsl:570856	649b009773e824995934a155	{'id': 'nmdc:omprc-11-b2x9ya42', 'alternative_identifiers': ['emsl:570856'], 'has_input': ['nmdc:bsm-11-2zz0fn14'], 'has_output': ['nmdc:dobj-11-e018eg70'], 'part_of': ['nmdc:sty-11-33fbta56']}
omics_processing_set	emsl:570845	649b009773e824995934a15e	{'id': 'nmdc:omprc-11-1rpe9a26', 'alternative_identifiers': ['emsl:570845'], 'has_input': ['nmdc:bsm-11-2zz0fn14'], 'has_output': ['nmdc:dobj-11-0xz8ma41'], 'part_of': ['nmdc:sty-11-33fbta56']}
omics_processing_set	emsl:572505	649b009773e824995934a161	{'id': 'nmdc:omprc-11-tmbvqv33', 'alternative_identifiers': ['emsl:572505'], 'has_input': ['nmdc:bsm-11-2zz0fn14'], 'has_output': ['nmdc:dobj-11-b22s8d35'], 'part_of': ['nmdc:sty-11-33fbta56']}
omics_processing_set	emsl:571001	649b009773e824995934a179	{'id': 'nmdc:omprc-11-4wavj749', 'alternative_identifiers': ['emsl:571001'], 'has_input': ['nmdc:bsm-11-2zz0fn14'], 'has_output': ['nmdc:dobj-11-pd8fsj06'], 'part_of': ['nmdc:sty-11-33fbta56']}
omics_processing_set	emsl:572504	649b009773e824995934a17c	{'id': 'nmdc:omprc-11-8554z291', 'alternative_identifiers': ['emsl:572504'], 'has_input': ['nmdc:bsm-11-2zz0fn14'], 'has_output': ['nmdc:dobj-11-hyy45j98'], 'part_of': ['nmdc:sty-11-33fbta56']}
omics_processing_set	emsl:572513	649b009773e824995934a160	{'id': 'nmdc:omprc-11-hq1wpg31', 'alternative_identifiers': ['emsl:572513'], 'has_input': ['nmdc:bsm-11-yvn1wx26'], 'has_output': ['nmdc:dobj-11-rkd3zt69'], 'part_of': ['nmdc:sty-11-33fbta56']}
omics_processing_set	emsl:570793	649b009773e824995934a176	{'id': 'nmdc:omprc-11-swjt1288', 'alternative_identifiers': ['emsl:570793'], 'has_input': ['nmdc:bsm-11-yvn1wx26'], 'has_output': ['nmdc:dobj-11-n400h266'], 'part_of': ['nmdc:sty-11-33fbta56']}
omics_processing_set	emsl:570986	649b009773e824995934a177	{'id': 'nmdc:omprc-11-mgrdp597', 'alternative_identifiers': ['emsl:570986'], 'has_input': ['nmdc:bsm-11-yvn1wx26'], 'has_output': ['nmdc:dobj-11-rrjq8556'], 'part_of': ['nmdc:sty-11-33fbta56']}
data_object_set	emsl:output_570823	649b00451ae706d7b5b1a5f8	{'id': 'nmdc:dobj-11-nccfdr10', 'alternative_identifiers': ['emsl:output_570823']}
data_object_set	nmdc:566e165704a77811cd62b0117714babc	649b00451ae706d7b5b1a632	{'id': 'nmdc:dobj-11-9gz30761', 'was_generated_by': 'nmdc:wfnom-11-a2mwk662'}
data_object_set	emsl:output_570993	649b00451ae706d7b5b1a5fd	{'id': 'nmdc:dobj-11-zdxq4x38', 'alternative_identifiers': ['emsl:output_570993']}
data_object_set	nmdc:fb519e48e55235821d3449b39581d26b	649b00451ae706d7b5b1a62e	{'id': 'nmdc:dobj-11-7s8b8094', 'was_generated_by': 'nmdc:wfnom-11-6cgdy937'}
data_object_set	emsl:output_572507	649b00451ae706d7b5b1a613	{'id': 'nmdc:dobj-11-19gp6740', 'alternative_identifiers': ['emsl:output_572507']}
data_object_set	nmdc:5bab3e6f92c6cbb80dcf546d558e2a97	649b00451ae706d7b5b1a631	{'id': 'nmdc:dobj-11-nebkc216', 'was_generated_by': 'nmdc:wfnom-11-a69mgt47'}
data_object_set	emsl:output_572512	649b00451ae706d7b5b1a5fb	{'id': 'nmdc:dobj-11-bv677t58', 'alternative_identifiers': ['emsl:output_572512']}
data_object_set	nmdc:cba5c29f595ae89d745c36ad6f37aa15	649b00451ae706d7b5b1a63e	{'id': 'nmdc:dobj-11-kq6zky73', 'was_generated_by': 'nmdc:wfnom-11-77rg5081'}
data_object_set	emsl:output_570983	649b00451ae706d7b5b1a606	{'id': 'nmdc:dobj-11-z33v7x12', 'alternative_identifiers': ['emsl:output_570983']}
data_object_set	nmdc:b1c462d22acbc9f5044149fe76794f90	649b00451ae706d7b5b1a63f	{'id': 'nmdc:dobj-11-ayb32z23', 'was_generated_by': 'nmdc:wfnom-11-kv8qgh83'}
data_object_set	emsl:output_570791	649b00451ae706d7b5b1a61c	{'id': 'nmdc:dobj-11-exgf3425', 'alternative_identifiers': ['emsl:output_570791']}
data_object_set	nmdc:12670891a340a3f9404e60d237e1a88a	649b00451ae706d7b5b1a640	{'id': 'nmdc:dobj-11-5hbvty52', 'was_generated_by': 'nmdc:wfnom-11-tg30dk84'}
data_object_set	emsl:output_572511	649b00451ae706d7b5b1a608	{'id': 'nmdc:dobj-11-2wna1y98', 'alternative_identifiers': ['emsl:output_572511']}
data_object_set	nmdc:4d89ee2050a4e15d152c1a5fc0ab0568	649b00451ae706d7b5b1a63a	{'id': 'nmdc:dobj-11-aq4q5895', 'was_generated_by': 'nmdc:wfnom-11-bsmpkm02'}
data_object_set	emsl:output_570825	649b00451ae706d7b5b1a617	{'id': 'nmdc:dobj-11-2t969h84', 'alternative_identifiers': ['emsl:output_570825']}
data_object_set	nmdc:54b519561b61eb9172e30537b4448ab1	649b00451ae706d7b5b1a63c	{'id': 'nmdc:dobj-11-tpteh563', 'was_generated_by': 'nmdc:wfnom-11-yjfhw172'}
data_object_set	emsl:output_570826	649b00451ae706d7b5b1a609	{'id': 'nmdc:dobj-11-m4mqa420', 'alternative_identifiers': ['emsl:output_570826']}
data_object_set	nmdc:045758d3eda8c1b9a883f6d54fd326b1	649b00451ae706d7b5b1a639	{'id': 'nmdc:dobj-11-cm0vmz19', 'was_generated_by': 'nmdc:wfnom-11-ev4w0808'}
data_object_set	emsl:output_571000	649b00451ae706d7b5b1a614	{'id': 'nmdc:dobj-11-t6mr0p85', 'alternative_identifiers': ['emsl:output_571000']}
data_object_set	nmdc:485b80462609c8db6fe8f918d6063246	649b00451ae706d7b5b1a637	{'id': 'nmdc:dobj-11-m8xtk648', 'was_generated_by': 'nmdc:wfnom-11-8m8j3118'}
data_object_set	emsl:output_572509	649b00451ae706d7b5b1a619	{'id': 'nmdc:dobj-11-1wsn9t98', 'alternative_identifiers': ['emsl:output_572509']}
data_object_set	nmdc:3864ecf810c03396cd1f9bf73c75724d	649b00451ae706d7b5b1a636	{'id': 'nmdc:dobj-11-wgcme213', 'was_generated_by': 'nmdc:wfnom-11-1agk4818'}
data_object_set	emsl:output_572518	649b00451ae706d7b5b1a611	{'id': 'nmdc:dobj-11-9jdta790', 'alternative_identifiers': ['emsl:output_572518']}
data_object_set	nmdc:ed9fe490dd83c276373a6359ebda0114	649b00451ae706d7b5b1a64e	{'id': 'nmdc:dobj-11-x978xn31', 'was_generated_by': 'nmdc:wfnom-11-v5yhrf82'}
data_object_set	emsl:output_570976	649b00451ae706d7b5b1a61b	{'id': 'nmdc:dobj-11-g0qjqz02', 'alternative_identifiers': ['emsl:output_570976']}
data_object_set	nmdc:e2c09235eb45e30c4818ef363d3c04bb	649b00451ae706d7b5b1a650	{'id': 'nmdc:dobj-11-h3cmxw21', 'was_generated_by': 'nmdc:wfnom-11-6fhg3r61'}
data_object_set	emsl:output_572515	649b00451ae706d7b5b1a5f9	{'id': 'nmdc:dobj-11-4cz1cf27', 'alternative_identifiers': ['emsl:output_572515']}
data_object_set	nmdc:b9d9a4620221c2d1549461d3037d938e	649b00451ae706d7b5b1a645	{'id': 'nmdc:dobj-11-h3gy5g84', 'was_generated_by': 'nmdc:wfnom-11-n5dyrt93'}
data_object_set	emsl:output_572516	649b00451ae706d7b5b1a5fc	{'id': 'nmdc:dobj-11-p1hjqv96', 'alternative_identifiers': ['emsl:output_572516']}
data_object_set	nmdc:faebea5b9c639f9586d610b905ae7ef1	649b00451ae706d7b5b1a646	{'id': 'nmdc:dobj-11-1bfdeh28', 'was_generated_by': 'nmdc:wfnom-11-2r427e20'}
data_object_set	emsl:output_570989	649b00451ae706d7b5b1a602	{'id': 'nmdc:dobj-11-ge3xkm21', 'alternative_identifiers': ['emsl:output_570989']}
data_object_set	nmdc:a37873421639d719092806534ac19c68	649b00451ae706d7b5b1a648	{'id': 'nmdc:dobj-11-cc1e7s97', 'was_generated_by': 'nmdc:wfnom-11-v0bjcz88'}
data_object_set	emsl:output_570853	649b00451ae706d7b5b1a603	{'id': 'nmdc:dobj-11-j2a80675', 'alternative_identifiers': ['emsl:output_570853']}
data_object_set	nmdc:7568c6c5134d22ba2abbc223ce061282	649b00451ae706d7b5b1a64a	{'id': 'nmdc:dobj-11-zhqsph51', 'was_generated_by': 'nmdc:wfnom-11-bagsx707'}
data_object_set	emsl:output_570994	649b00451ae706d7b5b1a60f	{'id': 'nmdc:dobj-11-327e0x43', 'alternative_identifiers': ['emsl:output_570994']}
data_object_set	nmdc:b2d9da6f5b9ef00cc8b1437232d41283	649b00451ae706d7b5b1a64d	{'id': 'nmdc:dobj-11-et35hd14', 'was_generated_by': 'nmdc:wfnom-11-fpbmh752'}
data_object_set	emsl:output_570843	649b00451ae706d7b5b1a621	{'id': 'nmdc:dobj-11-5wpsfk18', 'alternative_identifiers': ['emsl:output_570843']}
data_object_set	nmdc:bc9164b0fdc1754c976da7a89ba15a98	649b00451ae706d7b5b1a64b	{'id': 'nmdc:dobj-11-js9gfx03', 'was_generated_by': 'nmdc:wfnom-11-3s3z2y53'}
data_object_set	emsl:output_570988	649b00451ae706d7b5b1a60a	{'id': 'nmdc:dobj-11-ged0t961', 'alternative_identifiers': ['emsl:output_570988']}
data_object_set	nmdc:05377ed6e4a06aed9a3f9f1dc9d185ee	649b00451ae706d7b5b1a63b	{'id': 'nmdc:dobj-11-dsd26789', 'was_generated_by': 'nmdc:wfnom-11-2b9rka88'}
data_object_set	emsl:output_570796	649b00451ae706d7b5b1a60d	{'id': 'nmdc:dobj-11-w6tqe954', 'alternative_identifiers': ['emsl:output_570796']}
data_object_set	nmdc:014bfe902eeedfd2f1876782f516f0e3	649b00451ae706d7b5b1a643	{'id': 'nmdc:dobj-11-c9ht7019', 'was_generated_by': 'nmdc:wfnom-11-qp6c7h19'}
data_object_set	emsl:output_572510	649b00451ae706d7b5b1a623	{'id': 'nmdc:dobj-11-jy58n989', 'alternative_identifiers': ['emsl:output_572510']}
data_object_set	nmdc:716017f01f57432fa42ec3d19aa8ad69	649b00451ae706d7b5b1a638	{'id': 'nmdc:dobj-11-eg9vv204', 'was_generated_by': 'nmdc:wfnom-11-bqbw9p19'}
data_object_set	emsl:output_570846	649b00451ae706d7b5b1a61d	{'id': 'nmdc:dobj-11-62d1mx86', 'alternative_identifiers': ['emsl:output_570846']}
data_object_set	nmdc:8ace8bbe037be3d09031d60f12d56010	649b00451ae706d7b5b1a64f	{'id': 'nmdc:dobj-11-h7d3bm47', 'was_generated_by': 'nmdc:wfnom-11-3f04k866'}
data_object_set	emsl:output_572520	649b00451ae706d7b5b1a605	{'id': 'nmdc:dobj-11-k5bybm75', 'alternative_identifiers': ['emsl:output_572520']}
data_object_set	nmdc:2b2e4204fa2cf843dd19af5746f1be13	649b00451ae706d7b5b1a656	{'id': 'nmdc:dobj-11-jpw02a33', 'was_generated_by': 'nmdc:wfnom-11-wqtvcs20'}
data_object_set	emsl:output_572517	649b00451ae706d7b5b1a620	{'id': 'nmdc:dobj-11-0hjcks25', 'alternative_identifiers': ['emsl:output_572517']}
data_object_set	nmdc:d2ec3e22371eec1ca2d2343f49423416	649b00451ae706d7b5b1a654	{'id': 'nmdc:dobj-11-3fcv7z11', 'was_generated_by': 'nmdc:wfnom-11-zzx5hp45'}
data_object_set	emsl:output_570837	649b00451ae706d7b5b1a604	{'id': 'nmdc:dobj-11-bj3j3p30', 'alternative_identifiers': ['emsl:output_570837']}
data_object_set	nmdc:b3e01861175cd905be3b1cfda3320e36	649b00451ae706d7b5b1a655	{'id': 'nmdc:dobj-11-v8px2m40', 'was_generated_by': 'nmdc:wfnom-11-9pb3sc47'}
data_object_set	emsl:output_570819	649b00451ae706d7b5b1a634	{'id': 'nmdc:dobj-11-hkm0ev95', 'alternative_identifiers': ['emsl:output_570819']}
data_object_set	nmdc:9d3f15a21760ef50d957c4f1044f0d62	649b00451ae706d7b5b1a62d	{'id': 'nmdc:dobj-11-pnay5872', 'was_generated_by': 'nmdc:wfnom-11-tk9n8c72'}
data_object_set	emsl:output_570991	649b00451ae706d7b5b1a5f3	{'id': 'nmdc:dobj-11-gre4bj21', 'alternative_identifiers': ['emsl:output_570991']}
data_object_set	nmdc:596ea737570fefcd00dc54b936cb0245	649b00451ae706d7b5b1a62f	{'id': 'nmdc:dobj-11-nb5jng69', 'was_generated_by': 'nmdc:wfnom-11-cqmwsh57'}
data_object_set	emsl:output_572506	649b00451ae706d7b5b1a61e	{'id': 'nmdc:dobj-11-ajj3c817', 'alternative_identifiers': ['emsl:output_572506']}
data_object_set	nmdc:95d49cd43ee6b006282388f10d9f0c86	649b00451ae706d7b5b1a62b	{'id': 'nmdc:dobj-11-yyq26274', 'was_generated_by': 'nmdc:wfnom-11-7y7d9c76'}
data_object_set	emsl:output_570855	649b00451ae706d7b5b1a5f5	{'id': 'nmdc:dobj-11-4pnzgm62', 'alternative_identifiers': ['emsl:output_570855']}
data_object_set	nmdc:ef2340296e315839abd272804269b112	649b00451ae706d7b5b1a630	{'id': 'nmdc:dobj-11-h4xpv970', 'was_generated_by': 'nmdc:wfnom-11-69g3gt94'}
data_object_set	emsl:output_572508	649b00451ae706d7b5b1a5fa	{'id': 'nmdc:dobj-11-nc53z211', 'alternative_identifiers': ['emsl:output_572508']}
data_object_set	nmdc:7cba431d3deb61180861102eb7cece5a	649b00451ae706d7b5b1a633	{'id': 'nmdc:dobj-11-rjdzcp06', 'was_generated_by': 'nmdc:wfnom-11-602td893'}
data_object_set	emsl:output_570987	649b00451ae706d7b5b1a607	{'id': 'nmdc:dobj-11-yjx15s27', 'alternative_identifiers': ['emsl:output_570987']}
data_object_set	nmdc:4e8a366ff7eef243d6e1f42e83f88993	649b00451ae706d7b5b1a644	{'id': 'nmdc:dobj-11-djmpgw16', 'was_generated_by': 'nmdc:wfnom-11-pec8jm64'}
data_object_set	emsl:output_570841	649b00451ae706d7b5b1a612	{'id': 'nmdc:dobj-11-d9bb2y96', 'alternative_identifiers': ['emsl:output_570841']}
data_object_set	nmdc:657cb31c86b5be51a300b9df17dabecb	649b00451ae706d7b5b1a647	{'id': 'nmdc:dobj-11-rm87qb43', 'was_generated_by': 'nmdc:wfnom-11-13ds6588'}
data_object_set	emsl:output_572514	649b00451ae706d7b5b1a622	{'id': 'nmdc:dobj-11-xcmmkk89', 'alternative_identifiers': ['emsl:output_572514']}
data_object_set	nmdc:f894c79c726dc59a60ca1874120878a8	649b00451ae706d7b5b1a649	{'id': 'nmdc:dobj-11-z918dy64', 'was_generated_by': 'nmdc:wfnom-11-xzee9j97'}
data_object_set	emsl:output_570836	649b00451ae706d7b5b1a610	{'id': 'nmdc:dobj-11-xd55bh40', 'alternative_identifiers': ['emsl:output_570836']}
data_object_set	nmdc:1bd3edc0afdbcccb42de42f37cdf6e43	649b00451ae706d7b5b1a652	{'id': 'nmdc:dobj-11-ydwaph04', 'was_generated_by': 'nmdc:wfnom-11-3cdpdy65'}
data_object_set	emsl:output_572521	649b00451ae706d7b5b1a625	{'id': 'nmdc:dobj-11-q9cr8w56', 'alternative_identifiers': ['emsl:output_572521']}
data_object_set	nmdc:043c430c590c8deefa39404380e58697	649b00451ae706d7b5b1a651	{'id': 'nmdc:dobj-11-x0v0pw19', 'was_generated_by': 'nmdc:wfnom-11-zmscme84'}
data_object_set	emsl:output_572519	649b00451ae706d7b5b1a60b	{'id': 'nmdc:dobj-11-smz49341', 'alternative_identifiers': ['emsl:output_572519']}
data_object_set	nmdc:188773c8106d24968ed0b32a753707c7	649b00451ae706d7b5b1a64c	{'id': 'nmdc:dobj-11-a88ywe34', 'was_generated_by': 'nmdc:wfnom-11-8hex2t90'}
data_object_set	emsl:output_570809	649b00451ae706d7b5b1a615	{'id': 'nmdc:dobj-11-ftxzp166', 'alternative_identifiers': ['emsl:output_570809']}
data_object_set	nmdc:187973c6008296311ce4e0f6922dfecb	649b00451ae706d7b5b1a653	{'id': 'nmdc:dobj-11-cb8b3x90', 'was_generated_by': 'nmdc:wfnom-11-pqa4xs50'}
data_object_set	emsl:output_570812	649b00451ae706d7b5b1a60c	{'id': 'nmdc:dobj-11-za8h0d71', 'alternative_identifiers': ['emsl:output_570812']}
data_object_set	nmdc:d444c570be616460be2c44cecd6549ea	649b00451ae706d7b5b1a65b	{'id': 'nmdc:dobj-11-acechm69', 'was_generated_by': 'nmdc:wfnom-11-4ndj4k96'}
data_object_set	emsl:output_570990	649b00451ae706d7b5b1a60e	{'id': 'nmdc:dobj-11-9ap5nw93', 'alternative_identifiers': ['emsl:output_570990']}
data_object_set	nmdc:03a41ac4ad0381c412b3a55b06633cfa	649b00451ae706d7b5b1a657	{'id': 'nmdc:dobj-11-9vnn1697', 'was_generated_by': 'nmdc:wfnom-11-apvpd094'}
data_object_set	emsl:output_572522	649b00451ae706d7b5b1a616	{'id': 'nmdc:dobj-11-qvq1q756', 'alternative_identifiers': ['emsl:output_572522']}
data_object_set	nmdc:b5f24d2666c43ba7d38d3980634eca53	649b00451ae706d7b5b1a65c	{'id': 'nmdc:dobj-11-p4rfrc79', 'was_generated_by': 'nmdc:wfnom-11-3gr2q047'}
data_object_set	emsl:output_570998	649b00451ae706d7b5b1a5f4	{'id': 'nmdc:dobj-11-4rxbsb48', 'alternative_identifiers': ['emsl:output_570998']}
data_object_set	nmdc:37a908449befa3a25a26c2c84a68b581	649b00451ae706d7b5b1a628	{'id': 'nmdc:dobj-11-zmpqvj75', 'was_generated_by': 'nmdc:wfnom-11-k4d18y16'}
data_object_set	emsl:output_570856	649b00451ae706d7b5b1a5f1	{'id': 'nmdc:dobj-11-e018eg70', 'alternative_identifiers': ['emsl:output_570856']}
data_object_set	nmdc:6110cf11b16b2553b7dbe64d89c3f112	649b00451ae706d7b5b1a627	{'id': 'nmdc:dobj-11-2n06v921', 'was_generated_by': 'nmdc:wfnom-11-by7st731'}
data_object_set	emsl:output_570845	649b00451ae706d7b5b1a624	{'id': 'nmdc:dobj-11-0xz8ma41', 'alternative_identifiers': ['emsl:output_570845']}
data_object_set	nmdc:2f63cae47d1b3e7fa6098edde516b24d	649b00451ae706d7b5b1a62c	{'id': 'nmdc:dobj-11-xgemby40', 'was_generated_by': 'nmdc:wfnom-11-0vherv48'}
data_object_set	emsl:output_572505	649b00451ae706d7b5b1a600	{'id': 'nmdc:dobj-11-b22s8d35', 'alternative_identifiers': ['emsl:output_572505']}
data_object_set	nmdc:2a03fd5756ee7277a7687c589e1b19b3	649b00451ae706d7b5b1a629	{'id': 'nmdc:dobj-11-14r5sk98', 'was_generated_by': 'nmdc:wfnom-11-jh97qw64'}
data_object_set	emsl:output_571001	649b00451ae706d7b5b1a635	{'id': 'nmdc:dobj-11-pd8fsj06', 'alternative_identifiers': ['emsl:output_571001']}
data_object_set	nmdc:8d0fa20919a57eb5bd5eaf1f3bf60342	649b00451ae706d7b5b1a62a	{'id': 'nmdc:dobj-11-xw17x754', 'was_generated_by': 'nmdc:wfnom-11-3hrwte46'}
data_object_set	emsl:output_572504	649b00451ae706d7b5b1a61f	{'id': 'nmdc:dobj-11-hyy45j98', 'alternative_identifiers': ['emsl:output_572504']}
data_object_set	nmdc:96687259609750c22df604fb2d048abe	649b00451ae706d7b5b1a626	{'id': 'nmdc:dobj-11-gvk07838', 'was_generated_by': 'nmdc:wfnom-11-znz4ja47'}
data_object_set	emsl:output_572513	649b00451ae706d7b5b1a61a	{'id': 'nmdc:dobj-11-rkd3zt69', 'alternative_identifiers': ['emsl:output_572513']}
data_object_set	nmdc:3808a13e98b0ee33fe31b87a75c1560f	649b00451ae706d7b5b1a63d	{'id': 'nmdc:dobj-11-5bkzpd88', 'was_generated_by': 'nmdc:wfnom-11-47rfjh90'}
data_object_set	emsl:output_570793	649b00451ae706d7b5b1a5ff	{'id': 'nmdc:dobj-11-n400h266', 'alternative_identifiers': ['emsl:output_570793']}
data_object_set	nmdc:7dfa28e1f0c1bda627b4586e8d4eb799	649b00451ae706d7b5b1a642	{'id': 'nmdc:dobj-11-jfmmta03', 'was_generated_by': 'nmdc:wfnom-11-jgyy5369'}
data_object_set	emsl:output_570986	649b00451ae706d7b5b1a618	{'id': 'nmdc:dobj-11-rrjq8556', 'alternative_identifiers': ['emsl:output_570986']}
data_object_set	nmdc:6a910f6557748bef7f7bee1a70a8562f	649b00451ae706d7b5b1a641	{'id': 'nmdc:dobj-11-y6ntr414', 'was_generated_by': 'nmdc:wfnom-11-mnesy456'}
nom_analysis_activity_set	nmdc:1ffd38c0c3b54d70bd558f24341cc20c	649b0096daa6c19f56b27a90	{'id': 'nmdc:wfnom-11-a2mwk662', 'was_informed_by': 'nmdc:omprc-11-c0qs8d47', 'has_input': ['nmdc:dobj-11-nccfdr10'], 'has_output': ['nmdc:dobj-11-9gz30761'], 'type': 'nmdc:NomAnalysisActivity'}
nom_analysis_activity_set	nmdc:71098e26a5f24894ac3af5918b6c3e14	649b0096daa6c19f56b27a9b	{'id': 'nmdc:wfnom-11-6cgdy937', 'was_informed_by': 'nmdc:omprc-11-k6jgn251', 'has_input': ['nmdc:dobj-11-zdxq4x38'], 'has_output': ['nmdc:dobj-11-7s8b8094'], 'type': 'nmdc:NomAnalysisActivity'}
nom_analysis_activity_set	nmdc:a2f4f1b7699a4867ade5d67d7fee398c	649b0096daa6c19f56b27aa1	{'id': 'nmdc:wfnom-11-a69mgt47', 'was_informed_by': 'nmdc:omprc-11-sg55n993', 'has_input': ['nmdc:dobj-11-19gp6740'], 'has_output': ['nmdc:dobj-11-nebkc216'], 'type': 'nmdc:NomAnalysisActivity'}
nom_analysis_activity_set	nmdc:c5e636081a01417a96df551b9595b957	649b0096daa6c19f56b27a91	{'id': 'nmdc:wfnom-11-77rg5081', 'was_informed_by': 'nmdc:omprc-11-dwyhh495', 'has_input': ['nmdc:dobj-11-bv677t58'], 'has_output': ['nmdc:dobj-11-kq6zky73'], 'type': 'nmdc:NomAnalysisActivity'}
nom_analysis_activity_set	nmdc:cd837255d3894dc195ca0769380695f1	649b0096daa6c19f56b27aad	{'id': 'nmdc:wfnom-11-kv8qgh83', 'was_informed_by': 'nmdc:omprc-11-pvq9w817', 'has_input': ['nmdc:dobj-11-z33v7x12'], 'has_output': ['nmdc:dobj-11-ayb32z23'], 'type': 'nmdc:NomAnalysisActivity'}
nom_analysis_activity_set	nmdc:ecabd3700a904d74b36b75c509ebe49a	649b0096daa6c19f56b27a9e	{'id': 'nmdc:wfnom-11-tg30dk84', 'was_informed_by': 'nmdc:omprc-11-0yysg927', 'has_input': ['nmdc:dobj-11-exgf3425'], 'has_output': ['nmdc:dobj-11-5hbvty52'], 'type': 'nmdc:NomAnalysisActivity'}
nom_analysis_activity_set	nmdc:38e7376204f64074890f4d563d17253f	649b0096daa6c19f56b27ab1	{'id': 'nmdc:wfnom-11-bsmpkm02', 'was_informed_by': 'nmdc:omprc-11-3tx4t010', 'has_input': ['nmdc:dobj-11-2wna1y98'], 'has_output': ['nmdc:dobj-11-aq4q5895'], 'type': 'nmdc:NomAnalysisActivity'}
nom_analysis_activity_set	nmdc:92c72205fd9f4ce4ab8ca9340fc62857	649b0096daa6c19f56b27abc	{'id': 'nmdc:wfnom-11-yjfhw172', 'was_informed_by': 'nmdc:omprc-11-04scnf87', 'has_input': ['nmdc:dobj-11-2t969h84'], 'has_output': ['nmdc:dobj-11-tpteh563'], 'type': 'nmdc:NomAnalysisActivity'}
nom_analysis_activity_set	nmdc:50b21df0d87047da8d431a0bd32e0508	649b0096daa6c19f56b27aae	{'id': 'nmdc:wfnom-11-ev4w0808', 'was_informed_by': 'nmdc:omprc-11-pvrj8c36', 'has_input': ['nmdc:dobj-11-m4mqa420'], 'has_output': ['nmdc:dobj-11-cm0vmz19'], 'type': 'nmdc:NomAnalysisActivity'}
nom_analysis_activity_set	nmdc:4fa2de328fd348a1bcf47236da5aeb3b	649b0096daa6c19f56b27ab8	{'id': 'nmdc:wfnom-11-8m8j3118', 'was_informed_by': 'nmdc:omprc-11-bydnvw68', 'has_input': ['nmdc:dobj-11-t6mr0p85'], 'has_output': ['nmdc:dobj-11-m8xtk648'], 'type': 'nmdc:NomAnalysisActivity'}
nom_analysis_activity_set	nmdc:3934b9585f2944319a424be2be29ebd1	649b0096daa6c19f56b27abd	{'id': 'nmdc:wfnom-11-1agk4818', 'was_informed_by': 'nmdc:omprc-11-w7gvsp81', 'has_input': ['nmdc:dobj-11-1wsn9t98'], 'has_output': ['nmdc:dobj-11-wgcme213'], 'type': 'nmdc:NomAnalysisActivity'}
nom_analysis_activity_set	nmdc:dbf500c5a122417f9e1315fb4dfcf142	649b0096daa6c19f56b27ab5	{'id': 'nmdc:wfnom-11-v5yhrf82', 'was_informed_by': 'nmdc:omprc-11-rnvme036', 'has_input': ['nmdc:dobj-11-9jdta790'], 'has_output': ['nmdc:dobj-11-x978xn31'], 'type': 'nmdc:NomAnalysisActivity'}
nom_analysis_activity_set	nmdc:077d0afc91e4414caf7dbf38851c735b	649b0096daa6c19f56b27ac0	{'id': 'nmdc:wfnom-11-6fhg3r61', 'was_informed_by': 'nmdc:omprc-11-mvxyff94', 'has_input': ['nmdc:dobj-11-g0qjqz02'], 'has_output': ['nmdc:dobj-11-h3cmxw21'], 'type': 'nmdc:NomAnalysisActivity'}
nom_analysis_activity_set	nmdc:d8c800ff0f36426aaec76da3c37b58f0	649b0096daa6c19f56b27a95	{'id': 'nmdc:wfnom-11-n5dyrt93', 'was_informed_by': 'nmdc:omprc-11-b769ct02', 'has_input': ['nmdc:dobj-11-4cz1cf27'], 'has_output': ['nmdc:dobj-11-h3gy5g84'], 'type': 'nmdc:NomAnalysisActivity'}
nom_analysis_activity_set	nmdc:d0f88116be36453699238804940d09c6	649b0096daa6c19f56b27a94	{'id': 'nmdc:wfnom-11-2r427e20', 'was_informed_by': 'nmdc:omprc-11-b1pgnv40', 'has_input': ['nmdc:dobj-11-p1hjqv96'], 'has_output': ['nmdc:dobj-11-1bfdeh28'], 'type': 'nmdc:NomAnalysisActivity'}
nom_analysis_activity_set	nmdc:7bff17602b79498abfcd129c644c57cb	649b0096daa6c19f56b27aa7	{'id': 'nmdc:wfnom-11-v0bjcz88', 'was_informed_by': 'nmdc:omprc-11-6qy7rr61', 'has_input': ['nmdc:dobj-11-ge3xkm21'], 'has_output': ['nmdc:dobj-11-cc1e7s97'], 'type': 'nmdc:NomAnalysisActivity'}
nom_analysis_activity_set	nmdc:fce5f3f1e61c4b63a9fbee8a57a3c93c	649b0096daa6c19f56b27aa9	{'id': 'nmdc:wfnom-11-bagsx707', 'was_informed_by': 'nmdc:omprc-11-zr0t0878', 'has_input': ['nmdc:dobj-11-j2a80675'], 'has_output': ['nmdc:dobj-11-zhqsph51'], 'type': 'nmdc:NomAnalysisActivity'}
nom_analysis_activity_set	nmdc:42e9dc8204b94913a7517661ed1ed355	649b0096daa6c19f56b27aa3	{'id': 'nmdc:wfnom-11-fpbmh752', 'was_informed_by': 'nmdc:omprc-11-yvpjaz18', 'has_input': ['nmdc:dobj-11-327e0x43'], 'has_output': ['nmdc:dobj-11-et35hd14'], 'type': 'nmdc:NomAnalysisActivity'}
nom_analysis_activity_set	nmdc:54b56467b5164c2fb12c900aff7f4142	649b0096daa6c19f56b27aa2	{'id': 'nmdc:wfnom-11-3s3z2y53', 'was_informed_by': 'nmdc:omprc-11-x84aen33', 'has_input': ['nmdc:dobj-11-5wpsfk18'], 'has_output': ['nmdc:dobj-11-js9gfx03'], 'type': 'nmdc:NomAnalysisActivity'}
nom_analysis_activity_set	nmdc:915908f6de9d4daeb4b13b989789a7bb	649b0096daa6c19f56b27aab	{'id': 'nmdc:wfnom-11-2b9rka88', 'was_informed_by': 'nmdc:omprc-11-qq1q5q63', 'has_input': ['nmdc:dobj-11-ged0t961'], 'has_output': ['nmdc:dobj-11-dsd26789'], 'type': 'nmdc:NomAnalysisActivity'}
nom_analysis_activity_set	nmdc:e3c08321e9424ee08ad15015e689a8d8	649b0096daa6c19f56b27ab4	{'id': 'nmdc:wfnom-11-qp6c7h19', 'was_informed_by': 'nmdc:omprc-11-sn6p3b92', 'has_input': ['nmdc:dobj-11-w6tqe954'], 'has_output': ['nmdc:dobj-11-c9ht7019'], 'type': 'nmdc:NomAnalysisActivity'}
nom_analysis_activity_set	nmdc:61cc51ba87b24edf8a6d06f2fb96a7c1	649b0096daa6c19f56b27ac4	{'id': 'nmdc:wfnom-11-bqbw9p19', 'was_informed_by': 'nmdc:omprc-11-6jmeb670', 'has_input': ['nmdc:dobj-11-jy58n989'], 'has_output': ['nmdc:dobj-11-eg9vv204'], 'type': 'nmdc:NomAnalysisActivity'}
nom_analysis_activity_set	nmdc:1df27a3ac0514423b275e4221c943285	649b0096daa6c19f56b27a96	{'id': 'nmdc:wfnom-11-3f04k866', 'was_informed_by': 'nmdc:omprc-11-xw2rxm31', 'has_input': ['nmdc:dobj-11-62d1mx86'], 'has_output': ['nmdc:dobj-11-h7d3bm47'], 'type': 'nmdc:NomAnalysisActivity'}
nom_analysis_activity_set	nmdc:cbdd4469f71f4922a481da67bea4d685	649b0096daa6c19f56b27aac	{'id': 'nmdc:wfnom-11-wqtvcs20', 'was_informed_by': 'nmdc:omprc-11-4vc8x181', 'has_input': ['nmdc:dobj-11-k5bybm75'], 'has_output': ['nmdc:dobj-11-jpw02a33'], 'type': 'nmdc:NomAnalysisActivity'}
nom_analysis_activity_set	nmdc:db9d9bc4cc7f4c2f947fb8c44b259026	649b0096daa6c19f56b27a98	{'id': 'nmdc:wfnom-11-zzx5hp45', 'was_informed_by': 'nmdc:omprc-11-dtjs0e80', 'has_input': ['nmdc:dobj-11-0hjcks25'], 'has_output': ['nmdc:dobj-11-3fcv7z11'], 'type': 'nmdc:NomAnalysisActivity'}
nom_analysis_activity_set	nmdc:8e96ee77aa7e4608931a1d03c39361d9	649b0096daa6c19f56b27aaf	{'id': 'nmdc:wfnom-11-9pb3sc47', 'was_informed_by': 'nmdc:omprc-11-18v0ms05', 'has_input': ['nmdc:dobj-11-bj3j3p30'], 'has_output': ['nmdc:dobj-11-v8px2m40'], 'type': 'nmdc:NomAnalysisActivity'}
nom_analysis_activity_set	nmdc:933d65fcb7294ad5a02cab374e4ccef3	649b0096daa6c19f56b27a9c	{'id': 'nmdc:wfnom-11-tk9n8c72', 'was_informed_by': 'nmdc:omprc-11-d47hm561', 'has_input': ['nmdc:dobj-11-hkm0ev95'], 'has_output': ['nmdc:dobj-11-pnay5872'], 'type': 'nmdc:NomAnalysisActivity'}
nom_analysis_activity_set	nmdc:a1453a2ae5bf4bcca2165b90b96d1082	649b0096daa6c19f56b27a8d	{'id': 'nmdc:wfnom-11-cqmwsh57', 'was_informed_by': 'nmdc:omprc-11-j27enj90', 'has_input': ['nmdc:dobj-11-gre4bj21'], 'has_output': ['nmdc:dobj-11-nb5jng69'], 'type': 'nmdc:NomAnalysisActivity'}
nom_analysis_activity_set	nmdc:49825989690a40e1a16b65c4d5c9b9e4	649b0096daa6c19f56b27aa6	{'id': 'nmdc:wfnom-11-7y7d9c76', 'was_informed_by': 'nmdc:omprc-11-2yxeed07', 'has_input': ['nmdc:dobj-11-ajj3c817'], 'has_output': ['nmdc:dobj-11-yyq26274'], 'type': 'nmdc:NomAnalysisActivity'}
nom_analysis_activity_set	nmdc:9500e077cf194d69b4c6c81ac29c3ae7	649b0096daa6c19f56b27a8f	{'id': 'nmdc:wfnom-11-69g3gt94', 'was_informed_by': 'nmdc:omprc-11-ayd7vq17', 'has_input': ['nmdc:dobj-11-4pnzgm62'], 'has_output': ['nmdc:dobj-11-h4xpv970'], 'type': 'nmdc:NomAnalysisActivity'}
nom_analysis_activity_set	nmdc:085ac1d530814804927e022726d040e1	649b0096daa6c19f56b27a9f	{'id': 'nmdc:wfnom-11-602td893', 'was_informed_by': 'nmdc:omprc-11-g9p2a906', 'has_input': ['nmdc:dobj-11-nc53z211'], 'has_output': ['nmdc:dobj-11-rjdzcp06'], 'type': 'nmdc:NomAnalysisActivity'}
nom_analysis_activity_set	nmdc:90fa03adebfb4d24ad9d37c5ebf8e901	649b0096daa6c19f56b27ab9	{'id': 'nmdc:wfnom-11-pec8jm64', 'was_informed_by': 'nmdc:omprc-11-4rdj7r30', 'has_input': ['nmdc:dobj-11-yjx15s27'], 'has_output': ['nmdc:dobj-11-djmpgw16'], 'type': 'nmdc:NomAnalysisActivity'}
nom_analysis_activity_set	nmdc:dfba724378a04726858c22fd824ddab3	649b0096daa6c19f56b27aba	{'id': 'nmdc:wfnom-11-13ds6588', 'was_informed_by': 'nmdc:omprc-11-x7gxs993', 'has_input': ['nmdc:dobj-11-d9bb2y96'], 'has_output': ['nmdc:dobj-11-rm87qb43'], 'type': 'nmdc:NomAnalysisActivity'}
nom_analysis_activity_set	nmdc:b712f0b5e8dc4c5394a5f70aaa755b4f	649b0096daa6c19f56b27abe	{'id': 'nmdc:wfnom-11-xzee9j97', 'was_informed_by': 'nmdc:omprc-11-vwcwfp85', 'has_input': ['nmdc:dobj-11-xcmmkk89'], 'has_output': ['nmdc:dobj-11-z918dy64'], 'type': 'nmdc:NomAnalysisActivity'}
nom_analysis_activity_set	nmdc:580d7176f039405da3342f8fe86c08bf	649b0096daa6c19f56b27ab7	{'id': 'nmdc:wfnom-11-3cdpdy65', 'was_informed_by': 'nmdc:omprc-11-p610k389', 'has_input': ['nmdc:dobj-11-xd55bh40'], 'has_output': ['nmdc:dobj-11-ydwaph04'], 'type': 'nmdc:NomAnalysisActivity'}
nom_analysis_activity_set	nmdc:216c15f409c54cb79eaa88b916585120	649b0096daa6c19f56b27abb	{'id': 'nmdc:wfnom-11-zmscme84', 'was_informed_by': 'nmdc:omprc-11-j9fcfx02', 'has_input': ['nmdc:dobj-11-q9cr8w56'], 'has_output': ['nmdc:dobj-11-x0v0pw19'], 'type': 'nmdc:NomAnalysisActivity'}
nom_analysis_activity_set	nmdc:8c0b410a3a414b6d815ee67904bacc8a	649b0096daa6c19f56b27ab0	{'id': 'nmdc:wfnom-11-8hex2t90', 'was_informed_by': 'nmdc:omprc-11-p3p2he45', 'has_input': ['nmdc:dobj-11-smz49341'], 'has_output': ['nmdc:dobj-11-a88ywe34'], 'type': 'nmdc:NomAnalysisActivity'}
nom_analysis_activity_set	nmdc:1acf56df295d499ca087a4dde67d3d28	649b0096daa6c19f56b27ab6	{'id': 'nmdc:wfnom-11-pqa4xs50', 'was_informed_by': 'nmdc:omprc-11-81x1gp27', 'has_input': ['nmdc:dobj-11-ftxzp166'], 'has_output': ['nmdc:dobj-11-cb8b3x90'], 'type': 'nmdc:NomAnalysisActivity'}
nom_analysis_activity_set	nmdc:cb211ba203104933b000d987e7e664d0	649b0096daa6c19f56b27ab3	{'id': 'nmdc:wfnom-11-4ndj4k96', 'was_informed_by': 'nmdc:omprc-11-w9bg7c17', 'has_input': ['nmdc:dobj-11-za8h0d71'], 'has_output': ['nmdc:dobj-11-acechm69'], 'type': 'nmdc:NomAnalysisActivity'}
nom_analysis_activity_set	nmdc:70dedd343e254bd7a2a2c83cfbf2b4cb	649b0096daa6c19f56b27ab2	{'id': 'nmdc:wfnom-11-apvpd094', 'was_informed_by': 'nmdc:omprc-11-k93tem28', 'has_input': ['nmdc:dobj-11-9ap5nw93'], 'has_output': ['nmdc:dobj-11-9vnn1697'], 'type': 'nmdc:NomAnalysisActivity'}
nom_analysis_activity_set	nmdc:dff83d9a3180431091499f7ee60311c1	649b0096daa6c19f56b27abf	{'id': 'nmdc:wfnom-11-3gr2q047', 'was_informed_by': 'nmdc:omprc-11-w865jg91', 'has_input': ['nmdc:dobj-11-qvq1q756'], 'has_output': ['nmdc:dobj-11-p4rfrc79'], 'type': 'nmdc:NomAnalysisActivity'}
nom_analysis_activity_set	nmdc:5ce8eff76cb04507a7f267dcd5e488c0	649b0096daa6c19f56b27a92	{'id': 'nmdc:wfnom-11-k4d18y16', 'was_informed_by': 'nmdc:omprc-11-s0k97696', 'has_input': ['nmdc:dobj-11-4rxbsb48'], 'has_output': ['nmdc:dobj-11-zmpqvj75'], 'type': 'nmdc:NomAnalysisActivity'}
nom_analysis_activity_set	nmdc:63e7c5e8924946f4b3b18e60c1dd3452	649b0096daa6c19f56b27a8e	{'id': 'nmdc:wfnom-11-by7st731', 'was_informed_by': 'nmdc:omprc-11-b2x9ya42', 'has_input': ['nmdc:dobj-11-e018eg70'], 'has_output': ['nmdc:dobj-11-2n06v921'], 'type': 'nmdc:NomAnalysisActivity'}
nom_analysis_activity_set	nmdc:6269af1f091340e4813cbdee776dd00d	649b0096daa6c19f56b27a9a	{'id': 'nmdc:wfnom-11-0vherv48', 'was_informed_by': 'nmdc:omprc-11-1rpe9a26', 'has_input': ['nmdc:dobj-11-0xz8ma41'], 'has_output': ['nmdc:dobj-11-xgemby40'], 'type': 'nmdc:NomAnalysisActivity'}
nom_analysis_activity_set	nmdc:4018b9716e5446718beeb7f2bd61da6f	649b0096daa6c19f56b27aa8	{'id': 'nmdc:wfnom-11-jh97qw64', 'was_informed_by': 'nmdc:omprc-11-tmbvqv33', 'has_input': ['nmdc:dobj-11-b22s8d35'], 'has_output': ['nmdc:dobj-11-14r5sk98'], 'type': 'nmdc:NomAnalysisActivity'}
nom_analysis_activity_set	nmdc:14a44a3f0e7c43e190aec0d1906c23a1	649b0096daa6c19f56b27a9d	{'id': 'nmdc:wfnom-11-3hrwte46', 'was_informed_by': 'nmdc:omprc-11-4wavj749', 'has_input': ['nmdc:dobj-11-pd8fsj06'], 'has_output': ['nmdc:dobj-11-xw17x754'], 'type': 'nmdc:NomAnalysisActivity'}
nom_analysis_activity_set	nmdc:2eb7aba54d1b4d2abfe33399dd15188b	649b0096daa6c19f56b27aa5	{'id': 'nmdc:wfnom-11-znz4ja47', 'was_informed_by': 'nmdc:omprc-11-8554z291', 'has_input': ['nmdc:dobj-11-hyy45j98'], 'has_output': ['nmdc:dobj-11-gvk07838'], 'type': 'nmdc:NomAnalysisActivity'}
nom_analysis_activity_set	nmdc:592c7e1ee7f54da99949ad7151be84a7	649b0096daa6c19f56b27aa0	{'id': 'nmdc:wfnom-11-47rfjh90', 'was_informed_by': 'nmdc:omprc-11-hq1wpg31', 'has_input': ['nmdc:dobj-11-rkd3zt69'], 'has_output': ['nmdc:dobj-11-5bkzpd88'], 'type': 'nmdc:NomAnalysisActivity'}
nom_analysis_activity_set	nmdc:02940887a50b434c81947bed3b75f6a7	649b0096daa6c19f56b27aaa	{'id': 'nmdc:wfnom-11-jgyy5369', 'was_informed_by': 'nmdc:omprc-11-swjt1288', 'has_input': ['nmdc:dobj-11-n400h266'], 'has_output': ['nmdc:dobj-11-jfmmta03'], 'type': 'nmdc:NomAnalysisActivity'}
nom_analysis_activity_set	nmdc:ebab9e3767994d4b806603b28f2164d5	649b0096daa6c19f56b27aa4	{'id': 'nmdc:wfnom-11-mnesy456', 'was_informed_by': 'nmdc:omprc-11-mgrdp597', 'has_input': ['nmdc:dobj-11-rrjq8556'], 'has_output': ['nmdc:dobj-11-y6ntr414'], 'type': 'nmdc:NomAnalysisActivity'}
